time_s,x_m,y_m,orientation_rad,landmarks
11.111000061035156,0.7019072,1.8574811,-1.8757,"{13: 0, 12: 0, 11: 0, 10: 0, 8: 0, 6: 0, 7: 0, 14: 0, 15: 0, 17: 0, 20: 0, 18: 0, 16: 0, 19: 0, 9: 0}"
11.611000061035156,0.6958866,1.8308708,-1.6787,"{13: 3, 12: 0, 11: 0, 10: 0, 8: 0, 6: 0, 7: 0, 14: 0, 15: 0, 17: 0, 20: 0, 18: 0, 16: 0, 19: 0, 9: 0}"
12.111000061035156,0.6940041,1.8057811,-1.4848,"{13: 3, 12: 2, 11: 0, 10: 0, 8: 0, 6: 0, 7: 0, 14: 0, 15: 0, 17: 0, 20: 0, 18: 0, 16: 0, 19: 0, 9: 0}"
12.611000061035156,0.6975703,1.773551,-1.3903,"{13: 5, 12: 2, 11: 1, 10: 0, 8: 0, 6: 0, 7: 0, 14: 0, 15: 0, 17: 0, 20: 0, 18: 0, 16: 0, 19: 0, 9: 0}"
13.111000061035156,0.7065339,1.740942,-1.3401,"{13: 7, 12: 2, 11: 2, 10: 0, 8: 0, 6: 0, 7: 0, 14: 0, 15: 0, 17: 0, 20: 0, 18: 0, 16: 0, 19: 0, 9: 0}"
13.611000061035156,0.7158888,1.7059324,-1.3349,"{13: 4, 12: 2, 11: 3, 10: 1, 8: 0, 6: 0, 7: 0, 14: 0, 15: 0, 17: 0, 20: 0, 18: 0, 16: 0, 19: 0, 9: 0}"
14.111000061035156,0.7238282,1.6728023,-1.329,"{13: 5, 12: 0, 11: 3, 10: 1, 8: 1, 6: 0, 7: 0, 14: 0, 15: 0, 17: 0, 20: 0, 18: 0, 16: 0, 19: 0, 9: 0}"
14.611000061035156,0.7313388,1.6405058,-1.2775,"{13: 3, 12: 0, 11: 4, 10: 1, 8: 1, 6: 1, 7: 1, 14: 0, 15: 0, 17: 0, 20: 0, 18: 0, 16: 0, 19: 0, 9: 0}"
15.111000061035156,0.7403921,1.6155823,-1.0788,"{13: 1, 12: 0, 11: 6, 10: 1, 8: 2, 6: 1, 7: 1, 14: 1, 15: 0, 17: 0, 20: 0, 18: 0, 16: 0, 19: 0, 9: 0}"
15.611000061035156,0.7525219,1.5938981,-0.8825,"{13: 1, 12: 0, 11: 5, 10: 1, 8: 2, 6: 1, 7: 1, 14: 3, 15: 0, 17: 0, 20: 0, 18: 0, 16: 0, 19: 0, 9: 0}"
16.111000061035156,0.7734402,1.5722948,-0.7167,"{13: 0, 12: 0, 11: 6, 10: 1, 8: 1, 6: 1, 7: 1, 14: 5, 15: 0, 17: 0, 20: 0, 18: 0, 16: 0, 19: 0, 9: 0}"
16.611000061035156,0.7975578,1.5525047,-0.5811,"{13: 0, 12: 1, 11: 4, 10: 1, 8: 1, 6: 0, 7: 0, 14: 5, 15: 0, 17: 0, 20: 0, 18: 0, 16: 0, 19: 0, 9: 0}"
17.111000061035156,0.8250368,1.5360794,-0.4716,"{13: 0, 12: 1, 11: 1, 10: 1, 8: 0, 6: 0, 7: 0, 14: 6, 15: 0, 17: 0, 20: 0, 18: 0, 16: 0, 19: 0, 9: 0}"
17.611000061035156,0.857012,1.5206512,-0.3906,"{13: 0, 12: 1, 11: 2, 10: 0, 8: 0, 6: 0, 7: 0, 14: 5, 15: 0, 17: 0, 20: 0, 18: 0, 16: 0, 19: 0, 9: 0}"
18.111000061035156,0.8877752,1.5074785,-0.3929,"{13: 0, 12: 1, 11: 1, 10: 0, 8: 0, 6: 0, 7: 0, 14: 5, 15: 0, 17: 0, 20: 0, 18: 0, 16: 0, 19: 0, 9: 0}"
18.611000061035156,0.9209693,1.4959765,-0.2976,"{13: 0, 12: 0, 11: 1, 10: 0, 8: 0, 6: 0, 7: 0, 14: 5, 15: 1, 17: 0, 20: 0, 18: 0, 16: 0, 19: 0, 9: 0}"
19.111000061035156,0.951203,1.4869432,-0.1878,"{13: 0, 12: 0, 11: 1, 10: 0, 8: 0, 6: 0, 7: 0, 14: 3, 15: 1, 17: 0, 20: 0, 18: 0, 16: 0, 19: 0, 9: 0}"
19.611000061035156,0.9821288,1.4823061,-0.0809,"{13: 0, 12: 0, 11: 0, 10: 0, 8: 0, 6: 0, 7: 0, 14: 2, 15: 1, 17: 0, 20: 0, 18: 0, 16: 0, 19: 0, 9: 0}"
20.111000061035156,1.0138557,1.4817097,0.0287,"{13: 0, 12: 0, 11: 0, 10: 0, 8: 0, 6: 0, 7: 0, 14: 0, 15: 1, 17: 2, 20: 0, 18: 0, 16: 0, 19: 0, 9: 0}"
20.611000061035156,1.043288,1.4836076,0.1665,"{13: 0, 12: 0, 11: 0, 10: 0, 8: 0, 6: 0, 7: 0, 14: 0, 15: 0, 17: 4, 20: 2, 18: 0, 16: 0, 19: 0, 9: 0}"
21.111000061035156,1.0721974,1.489355,0.3243,"{13: 0, 12: 0, 11: 0, 10: 0, 8: 0, 6: 0, 7: 0, 14: 0, 15: 0, 17: 6, 20: 4, 18: 0, 16: 0, 19: 0, 9: 0}"
21.611000061035156,1.0979955,1.4988155,0.4997,"{13: 0, 12: 0, 11: 0, 10: 0, 8: 0, 6: 0, 7: 0, 14: 0, 15: 0, 17: 6, 20: 6, 18: 0, 16: 0, 19: 0, 9: 0}"
22.111000061035156,1.1212462,1.5140108,0.6875,"{13: 0, 12: 0, 11: 0, 10: 0, 8: 0, 6: 0, 7: 0, 14: 0, 15: 0, 17: 4, 20: 8, 18: 0, 16: 0, 19: 0, 9: 0}"
22.611000061035156,1.1409836,1.5310601,0.894,"{13: 0, 12: 0, 11: 0, 10: 0, 8: 0, 6: 0, 7: 0, 14: 0, 15: 0, 17: 2, 20: 8, 18: 0, 16: 0, 19: 0, 9: 0}"
23.111000061035156,1.1556271,1.5515048,1.1072,"{13: 0, 12: 0, 11: 0, 10: 0, 8: 0, 6: 0, 7: 0, 14: 0, 15: 0, 17: 0, 20: 8, 18: 0, 16: 0, 19: 0, 9: 0}"
23.611000061035156,1.1662201,1.5746261,1.2989,"{13: 0, 12: 0, 11: 0, 10: 0, 8: 0, 6: 0, 7: 0, 14: 0, 15: 0, 17: 0, 20: 7, 18: 1, 16: 0, 19: 0, 9: 0}"
24.111000061035156,1.1724876,1.5998287,1.4993,"{13: 0, 12: 0, 11: 0, 10: 0, 8: 0, 6: 0, 7: 0, 14: 0, 15: 0, 17: 0, 20: 5, 18: 3, 16: 1, 19: 0, 9: 0}"
24.611000061035156,1.1734741,1.6298374,1.6661,"{13: 0, 12: 0, 11: 0, 10: 0, 8: 0, 6: 0, 7: 0, 14: 0, 15: 0, 17: 0, 20: 3, 18: 3, 16: 4, 19: 0, 9: 0}"
25.111000061035156,1.1704755,1.6613353,1.7774,"{13: 0, 12: 0, 11: 0, 10: 0, 8: 0, 6: 0, 7: 0, 14: 0, 15: 0, 17: 0, 20: 1, 18: 3, 16: 6, 19: 0, 9: 0}"
25.611000061035156,1.1660355,1.6923386,1.8898,"{13: 0, 12: 0, 11: 0, 10: 0, 8: 0, 6: 0, 7: 0, 14: 0, 15: 0, 17: 0, 20: 0, 18: 2, 16: 8, 19: 0, 9: 0}"
26.111000061035156,1.1551444,1.7250915,1.9006,"{13: 0, 12: 0, 11: 0, 10: 0, 8: 0, 6: 0, 7: 0, 14: 0, 15: 0, 17: 0, 20: 0, 18: 0, 16: 9, 19: 0, 9: 0}"
26.611000061035156,1.1448367,1.7576869,1.8914,"{13: 0, 12: 0, 11: 0, 10: 0, 8: 0, 6: 0, 7: 0, 14: 0, 15: 0, 17: 0, 20: 0, 18: 0, 16: 8, 19: 0, 9: 0}"
27.111000061035156,1.1340772,1.789556,1.8861,"{13: 0, 12: 0, 11: 0, 10: 0, 8: 0, 6: 0, 7: 0, 14: 0, 15: 0, 17: 0, 20: 0, 18: 0, 16: 6, 19: 0, 9: 0}"
27.611000061035156,1.1224042,1.8219003,1.8876,"{13: 0, 12: 0, 11: 0, 10: 0, 8: 0, 6: 0, 7: 0, 14: 0, 15: 0, 17: 0, 20: 0, 18: 1, 16: 4, 19: 0, 9: 0}"
28.111000061035156,1.1127023,1.8534326,1.8878,"{13: 0, 12: 0, 11: 0, 10: 0, 8: 0, 6: 0, 7: 0, 14: 0, 15: 0, 17: 0, 20: 0, 18: 2, 16: 2, 19: 0, 9: 0}"
28.611000061035156,1.1018738,1.8864682,1.885,"{13: 0, 12: 0, 11: 0, 10: 0, 8: 0, 6: 0, 7: 0, 14: 0, 15: 0, 17: 0, 20: 0, 18: 4, 16: 0, 19: 0, 9: 0}"
29.111000061035156,1.0914448,1.9177166,1.8803,"{13: 0, 12: 0, 11: 0, 10: 0, 8: 0, 6: 0, 7: 0, 14: 0, 15: 0, 17: 0, 20: 0, 18: 6, 16: 0, 19: 0, 9: 0}"
29.611000061035156,1.0850702,1.9420347,1.7352,"{13: 0, 12: 0, 11: 0, 10: 0, 8: 0, 6: 0, 7: 0, 14: 0, 15: 0, 17: 0, 20: 0, 18: 7, 16: 0, 19: 0, 9: 0}"
30.111000061035156,1.0797475,1.9734445,1.7342,"{13: 0, 12: 0, 11: 0, 10: 0, 8: 0, 6: 0, 7: 0, 14: 0, 15: 0, 17: 0, 20: 0, 18: 8, 16: 0, 19: 0, 9: 0}"
30.611000061035156,1.0758827,1.9999101,1.607,"{13: 0, 12: 0, 11: 0, 10: 0, 8: 0, 6: 0, 7: 0, 14: 0, 15: 0, 17: 0, 20: 0, 18: 8, 16: 0, 19: 0, 9: 0}"
31.111000061035156,1.07331,2.0325302,1.5639,"{13: 0, 12: 0, 11: 0, 10: 0, 8: 0, 6: 0, 7: 0, 14: 0, 15: 0, 17: 0, 20: 0, 18: 8, 16: 0, 19: 0, 9: 0}"
31.611000061035156,1.0745991,2.0620958,1.4402,"{13: 0, 12: 0, 11: 0, 10: 0, 8: 0, 6: 0, 7: 0, 14: 0, 15: 0, 17: 0, 20: 0, 18: 9, 16: 0, 19: 0, 9: 0}"
32.111000061035156,1.078353,2.0904987,1.383,"{13: 0, 12: 0, 11: 0, 10: 0, 8: 0, 6: 0, 7: 0, 14: 0, 15: 0, 17: 0, 20: 0, 18: 9, 16: 0, 19: 0, 9: 0}"
32.611000061035156,1.0835849,2.1157432,1.2182,"{13: 0, 12: 0, 11: 0, 10: 0, 8: 0, 6: 0, 7: 0, 14: 0, 15: 0, 17: 0, 20: 0, 18: 9, 16: 0, 19: 1, 9: 0}"
33.111000061035156,1.094602,2.1483152,1.1874,"{13: 0, 12: 0, 11: 0, 10: 0, 8: 0, 6: 0, 7: 0, 14: 0, 15: 0, 17: 0, 20: 0, 18: 9, 16: 0, 19: 1, 9: 0}"
33.611000061035156,1.1062941,2.1705281,1.0546,"{13: 0, 12: 0, 11: 0, 10: 0, 8: 0, 6: 0, 7: 0, 14: 0, 15: 0, 17: 0, 20: 0, 18: 7, 16: 0, 19: 2, 9: 0}"
34.111000061035156,1.1210462,2.1986003,0.9952,"{13: 0, 12: 0, 11: 0, 10: 0, 8: 0, 6: 0, 7: 0, 14: 0, 15: 0, 17: 0, 20: 0, 18: 5, 16: 0, 19: 4, 9: 0}"
34.611000061035156,1.1398782,2.2267875,0.926,"{13: 0, 12: 0, 11: 0, 10: 0, 8: 0, 6: 0, 7: 0, 14: 0, 15: 0, 17: 0, 20: 0, 18: 3, 16: 0, 19: 5, 9: 0}"
35.111000061035156,1.1614835,2.254211,0.8637,"{13: 0, 12: 0, 11: 0, 10: 0, 8: 0, 6: 0, 7: 0, 14: 0, 15: 0, 17: 0, 20: 0, 18: 1, 16: 0, 19: 7, 9: 0}"
35.611000061035156,1.1836517,2.2807931,0.8579,"{13: 0, 12: 0, 11: 0, 10: 0, 8: 0, 6: 0, 7: 0, 14: 0, 15: 0, 17: 0, 20: 0, 18: 0, 16: 0, 19: 8, 9: 0}"
36.111000061035156,1.2055625,2.3057876,0.8628,"{13: 0, 12: 0, 11: 0, 10: 0, 8: 0, 6: 0, 7: 0, 14: 0, 15: 0, 17: 0, 20: 0, 18: 0, 16: 0, 19: 8, 9: 0}"
36.611000061035156,1.2270543,2.3301972,0.8548,"{13: 0, 12: 0, 11: 0, 10: 0, 8: 0, 6: 0, 7: 0, 14: 0, 15: 0, 17: 0, 20: 0, 18: 0, 16: 0, 19: 8, 9: 0}"
37.111000061035156,1.249751,2.3555863,0.8532,"{13: 0, 12: 0, 11: 0, 10: 0, 8: 0, 6: 0, 7: 0, 14: 0, 15: 0, 17: 0, 20: 0, 18: 0, 16: 0, 19: 8, 9: 0}"
37.611000061035156,1.273171,2.3826471,0.8547,"{13: 0, 12: 0, 11: 0, 10: 0, 8: 0, 6: 0, 7: 0, 14: 0, 15: 0, 17: 0, 20: 1, 18: 0, 16: 0, 19: 9, 9: 0}"
38.111000061035156,1.2964846,2.4086208,0.8578,"{13: 0, 12: 0, 11: 0, 10: 0, 8: 0, 6: 0, 7: 0, 14: 0, 15: 0, 17: 0, 20: 2, 18: 0, 16: 0, 19: 9, 9: 0}"
38.611000061035156,1.3166181,2.4320316,0.8077,"{13: 0, 12: 0, 11: 0, 10: 0, 8: 0, 6: 0, 7: 0, 14: 0, 15: 0, 17: 0, 20: 2, 18: 0, 16: 0, 19: 9, 9: 0}"
39.111000061035156,1.3354757,2.4529018,0.6093,"{13: 0, 12: 0, 11: 0, 10: 0, 8: 0, 6: 0, 7: 0, 14: 0, 15: 0, 17: 0, 20: 2, 18: 0, 16: 0, 19: 9, 9: 0}"
39.611000061035156,1.3545852,2.4649788,0.4075,"{13: 0, 12: 0, 11: 0, 10: 0, 8: 0, 6: 0, 7: 0, 14: 0, 15: 0, 17: 0, 20: 1, 18: 0, 16: 0, 19: 8, 9: 0}"
40.111000061035156,1.3782182,2.4716128,0.209,"{13: 0, 12: 0, 11: 0, 10: 0, 8: 0, 6: 0, 7: 0, 14: 0, 15: 0, 17: 0, 20: 1, 18: 0, 16: 0, 19: 7, 9: 0}"
40.611000061035156,1.401311,2.478187,0.0167,"{13: 0, 12: 0, 11: 0, 10: 0, 8: 0, 6: 0, 7: 0, 14: 0, 15: 0, 17: 1, 20: 3, 18: 0, 16: 0, 19: 5, 9: 0}"
41.111000061035156,1.425953,2.479717,-0.1866,"{13: 0, 12: 0, 11: 0, 10: 0, 8: 0, 6: 0, 7: 0, 14: 0, 15: 0, 17: 2, 20: 5, 18: 0, 16: 0, 19: 3, 9: 0}"
41.611000061035156,1.4496798,2.4721354,-0.3811,"{13: 0, 12: 0, 11: 0, 10: 0, 8: 0, 6: 0, 7: 0, 14: 0, 15: 0, 17: 4, 20: 5, 18: 0, 16: 0, 19: 1, 9: 0}"
42.111000061035156,1.4738434,2.4614959,-0.5907,"{13: 0, 12: 0, 11: 0, 10: 0, 8: 0, 6: 0, 7: 0, 14: 0, 15: 1, 17: 6, 20: 4, 18: 0, 16: 0, 19: 0, 9: 0}"
42.611000061035156,1.4930181,2.4499483,-0.781,"{13: 0, 12: 0, 11: 0, 10: 0, 8: 0, 6: 0, 7: 0, 14: 0, 15: 3, 17: 5, 20: 2, 18: 0, 16: 0, 19: 0, 9: 0}"
43.111000061035156,1.5088553,2.4307637,-0.9679,"{13: 0, 12: 0, 11: 0, 10: 0, 8: 0, 6: 0, 7: 0, 14: 0, 15: 5, 17: 4, 20: 0, 18: 0, 16: 0, 19: 0, 9: 0}"
43.611000061035156,1.5210719,2.4153743,-1.1806,"{13: 0, 12: 0, 11: 0, 10: 0, 8: 0, 6: 0, 7: 0, 14: 0, 15: 5, 17: 2, 20: 0, 18: 0, 16: 0, 19: 0, 9: 0}"
44.111000061035156,1.5310677,2.3883211,-1.3876,"{13: 0, 12: 1, 11: 0, 10: 0, 8: 0, 6: 0, 7: 0, 14: 0, 15: 4, 17: 0, 20: 0, 18: 0, 16: 0, 19: 0, 9: 0}"
44.611000061035156,1.5361884,2.3559029,-1.4594,"{13: 0, 12: 2, 11: 0, 10: 0, 8: 1, 6: 0, 7: 0, 14: 1, 15: 2, 17: 0, 20: 0, 18: 0, 16: 0, 19: 0, 9: 0}"
45.111000061035156,1.5403463,2.3205139,-1.4907,"{13: 1, 12: 3, 11: 0, 10: 1, 8: 2, 6: 1, 7: 0, 14: 3, 15: 0, 17: 0, 20: 0, 18: 0, 16: 0, 19: 0, 9: 1}"
45.611000061035156,1.542432,2.2836069,-1.504,"{13: 1, 12: 4, 11: 0, 10: 2, 8: 3, 6: 1, 7: 0, 14: 4, 15: 0, 17: 0, 20: 0, 18: 0, 16: 0, 19: 0, 9: 1}"
46.111000061035156,1.5452886,2.256017,-1.625,"{13: 2, 12: 4, 11: 0, 10: 3, 8: 3, 6: 1, 7: 0, 14: 5, 15: 0, 17: 0, 20: 0, 18: 0, 16: 0, 19: 0, 9: 2}"
46.611000061035156,1.5419503,2.2301432,-1.7784,"{13: 2, 12: 4, 11: 0, 10: 4, 8: 2, 6: 1, 7: 0, 14: 4, 15: 0, 17: 0, 20: 0, 18: 0, 16: 0, 19: 0, 9: 2}"
47.111000061035156,1.5338295,2.1977117,-1.902,"{13: 1, 12: 5, 11: 0, 10: 5, 8: 2, 6: 0, 7: 0, 14: 2, 15: 0, 17: 0, 20: 0, 18: 0, 16: 0, 19: 0, 9: 2}"
47.611000061035156,1.5223864,2.165441,-2.0137,"{13: 2, 12: 4, 11: 0, 10: 5, 8: 1, 6: 0, 7: 0, 14: 1, 15: 0, 17: 0, 20: 0, 18: 0, 16: 0, 19: 0, 9: 3}"
48.111000061035156,1.506705,2.1343746,-2.0206,"{13: 1, 12: 3, 11: 0, 10: 4, 8: 1, 6: 1, 7: 0, 14: 0, 15: 0, 17: 0, 20: 0, 18: 0, 16: 0, 19: 0, 9: 4}"
48.611000061035156,1.4910621,2.1028748,-2.0135,"{13: 1, 12: 2, 11: 0, 10: 3, 8: 1, 6: 2, 7: 0, 14: 0, 15: 0, 17: 0, 20: 0, 18: 0, 16: 0, 19: 0, 9: 6}"
49.111000061035156,1.4765514,2.0729892,-2.009,"{13: 1, 12: 0, 11: 0, 10: 2, 8: 0, 6: 2, 7: 0, 14: 0, 15: 0, 17: 0, 20: 0, 18: 0, 16: 0, 19: 0, 9: 7}"
49.611000061035156,1.4621972,2.0408964,-2.0099,"{13: 1, 12: 0, 11: 0, 10: 1, 8: 0, 6: 3, 7: 0, 14: 0, 15: 0, 17: 0, 20: 0, 18: 0, 16: 0, 19: 0, 9: 7}"
50.111000061035156,1.4469011,2.0114281,-2.0081,"{13: 1, 12: 0, 11: 0, 10: 2, 8: 0, 6: 3, 7: 0, 14: 0, 15: 0, 17: 0, 20: 0, 18: 0, 16: 0, 19: 0, 9: 7}"
50.611000061035156,1.4323402,1.9805788,-2.0135,"{13: 1, 12: 0, 11: 0, 10: 2, 8: 0, 6: 2, 7: 0, 14: 0, 15: 0, 17: 0, 20: 0, 18: 0, 16: 0, 19: 0, 9: 7}"
51.111000061035156,1.4190699,1.9517909,-2.0167,"{13: 1, 12: 0, 11: 0, 10: 1, 8: 0, 6: 4, 7: 0, 14: 0, 15: 0, 17: 0, 20: 0, 18: 0, 16: 0, 19: 0, 9: 8}"
51.611000061035156,1.4040411,1.9214802,-2.0184,"{13: 0, 12: 0, 11: 0, 10: 1, 8: 0, 6: 4, 7: 0, 14: 0, 15: 0, 17: 0, 20: 0, 18: 0, 16: 0, 19: 0, 9: 9}"
52.111000061035156,1.3889597,1.8915005,-2.0148,"{13: 0, 12: 0, 11: 0, 10: 0, 8: 0, 6: 4, 7: 0, 14: 0, 15: 0, 17: 0, 20: 0, 18: 0, 16: 0, 19: 0, 9: 9}"
52.611000061035156,1.3757846,1.8632287,-2.0202,"{13: 1, 12: 0, 11: 0, 10: 0, 8: 0, 6: 4, 7: 0, 14: 0, 15: 0, 17: 0, 20: 0, 18: 0, 16: 0, 19: 0, 9: 8}"
53.111000061035156,1.3618876,1.8358475,-1.934,"{13: 1, 12: 0, 11: 0, 10: 1, 8: 0, 6: 2, 7: 0, 14: 0, 15: 0, 17: 0, 20: 0, 18: 0, 16: 0, 19: 0, 9: 6}"
53.611000061035156,1.3502106,1.8049961,-1.9309,"{13: 1, 12: 0, 11: 0, 10: 1, 8: 0, 6: 2, 7: 0, 14: 0, 15: 0, 17: 0, 20: 0, 18: 0, 16: 0, 19: 0, 9: 5}"
54.111000061035156,1.3402871,1.7804247,-1.9214,"{13: 1, 12: 0, 11: 0, 10: 2, 8: 0, 6: 1, 7: 0, 14: 0, 15: 0, 17: 0, 20: 0, 18: 0, 16: 0, 19: 0, 9: 4}"
54.611000061035156,1.3355498,1.7670815,-1.8063,"{13: 0, 12: 0, 11: 0, 10: 4, 8: 0, 6: 1, 7: 0, 14: 0, 15: 0, 17: 0, 20: 0, 18: 0, 16: 0, 19: 0, 9: 5}"
55.111000061035156,1.3312173,1.7396586,-1.7654,"{13: 2, 12: 0, 11: 0, 10: 5, 8: 0, 6: 1, 7: 0, 14: 0, 15: 0, 17: 0, 20: 0, 18: 0, 16: 0, 19: 0, 9: 4}"
55.611000061035156,1.3238431,1.7063985,-1.758,"{13: 3, 12: 1, 11: 0, 10: 5, 8: 0, 6: 1, 7: 0, 14: 0, 15: 0, 17: 0, 20: 0, 18: 0, 16: 0, 19: 0, 9: 4}"
56.111000061035156,1.3173779,1.672398,-1.7562,"{13: 3, 12: 3, 11: 0, 10: 4, 8: 0, 6: 3, 7: 0, 14: 0, 15: 0, 17: 0, 20: 0, 18: 0, 16: 0, 19: 0, 9: 3}"
56.611000061035156,1.3119944,1.6428679,-1.6748,"{13: 3, 12: 5, 11: 0, 10: 3, 8: 0, 6: 4, 7: 0, 14: 0, 15: 0, 17: 0, 20: 0, 18: 0, 16: 0, 19: 0, 9: 1}"
57.111000061035156,1.3086427,1.6099394,-1.6254,"{13: 1, 12: 6, 11: 0, 10: 2, 8: 0, 6: 4, 7: 0, 14: 0, 15: 0, 17: 0, 20: 0, 18: 0, 16: 0, 19: 0, 9: 2}"
57.611000061035156,1.3081254,1.5773878,-1.5825,"{13: 0, 12: 7, 11: 0, 10: 2, 8: 0, 6: 4, 7: 0, 14: 0, 15: 0, 17: 0, 20: 0, 18: 0, 16: 0, 19: 0, 9: 2}"
58.111000061035156,1.3072886,1.5434525,-1.5817,"{13: 0, 12: 5, 11: 0, 10: 3, 8: 0, 6: 2, 7: 0, 14: 0, 15: 0, 17: 0, 20: 0, 18: 0, 16: 0, 19: 0, 9: 2}"
58.611000061035156,1.3074123,1.5165203,-1.4096,"{13: 0, 12: 5, 11: 0, 10: 2, 8: 0, 6: 1, 7: 0, 14: 0, 15: 0, 17: 0, 20: 0, 18: 0, 16: 0, 19: 0, 9: 2}"
59.111000061035156,1.3127768,1.4893652,-1.2579,"{13: 0, 12: 6, 11: 2, 10: 1, 8: 0, 6: 1, 7: 0, 14: 0, 15: 0, 17: 0, 20: 0, 18: 0, 16: 0, 19: 0, 9: 1}"
59.611000061035156,1.3249706,1.4589371,-1.1274,"{13: 0, 12: 4, 11: 2, 10: 1, 8: 0, 6: 0, 7: 0, 14: 3, 15: 0, 17: 0, 20: 0, 18: 0, 16: 0, 19: 0, 9: 1}"
60.111000061035156,1.3399383,1.4287638,-1.0155,"{13: 0, 12: 4, 11: 3, 10: 0, 8: 0, 6: 0, 7: 0, 14: 5, 15: 0, 17: 0, 20: 0, 18: 0, 16: 0, 19: 0, 9: 1}"
60.611000061035156,1.3595733,1.3994226,-0.9527,"{13: 0, 12: 2, 11: 5, 10: 0, 8: 0, 6: 0, 7: 0, 14: 7, 15: 0, 17: 0, 20: 0, 18: 0, 16: 0, 19: 0, 9: 1}"
61.111000061035156,1.3798451,1.3723103,-0.9628,"{13: 0, 12: 0, 11: 4, 10: 0, 8: 0, 6: 0, 7: 0, 14: 9, 15: 0, 17: 0, 20: 0, 18: 0, 16: 0, 19: 0, 9: 1}"
61.611000061035156,1.3988117,1.3458662,-0.9608,"{13: 0, 12: 0, 11: 5, 10: 0, 8: 0, 6: 0, 7: 0, 14: 8, 15: 0, 17: 0, 20: 0, 18: 0, 16: 0, 19: 0, 9: 0}"
62.111000061035156,1.4177746,1.3188132,-0.9596,"{13: 0, 12: 1, 11: 5, 10: 0, 8: 0, 6: 0, 7: 0, 14: 8, 15: 0, 17: 0, 20: 0, 18: 0, 16: 0, 19: 0, 9: 0}"
62.611000061035156,1.4386079,1.2902235,-0.9552,"{13: 0, 12: 1, 11: 3, 10: 0, 8: 0, 6: 0, 7: 0, 14: 8, 15: 0, 17: 0, 20: 0, 18: 0, 16: 0, 19: 0, 9: 0}"
63.111000061035156,1.4585107,1.2646484,-0.9675,"{13: 0, 12: 1, 11: 3, 10: 0, 8: 0, 6: 0, 7: 0, 14: 8, 15: 0, 17: 0, 20: 0, 18: 0, 16: 0, 19: 0, 9: 0}"
63.611000061035156,1.4776772,1.2368081,-0.9634,"{13: 0, 12: 2, 11: 2, 10: 0, 8: 1, 6: 0, 7: 0, 14: 8, 15: 0, 17: 0, 20: 0, 18: 0, 16: 0, 19: 0, 9: 0}"
64.11100006103516,1.4971608,1.2091607,-0.9635,"{13: 0, 12: 2, 11: 3, 10: 0, 8: 2, 6: 0, 7: 1, 14: 8, 15: 0, 17: 0, 20: 0, 18: 0, 16: 0, 19: 0, 9: 0}"
64.61100006103516,1.498506,1.2082976,-0.9607,"{13: 0, 12: 4, 11: 5, 10: 0, 8: 4, 6: 0, 7: 1, 14: 8, 15: 0, 17: 0, 20: 0, 18: 0, 16: 0, 19: 0, 9: 0}"
65.11100006103516,1.4983272,1.2076547,-0.9633,"{13: 0, 12: 6, 11: 6, 10: 0, 8: 6, 6: 0, 7: 2, 14: 8, 15: 0, 17: 0, 20: 0, 18: 0, 16: 0, 19: 0, 9: 0}"
65.61100006103516,1.5068295,1.1954415,-0.9598,"{13: 0, 12: 7, 11: 8, 10: 0, 8: 7, 6: 0, 7: 4, 14: 8, 15: 0, 17: 0, 20: 0, 18: 0, 16: 0, 19: 0, 9: 0}"
66.11100006103516,1.5260827,1.1696775,-0.9593,"{13: 0, 12: 8, 11: 8, 10: 0, 8: 9, 6: 0, 7: 4, 14: 9, 15: 0, 17: 0, 20: 0, 18: 0, 16: 0, 19: 0, 9: 0}"
66.61100006103516,1.5455857,1.1419445,-0.9588,"{13: 0, 12: 6, 11: 6, 10: 0, 8: 7, 6: 0, 7: 5, 14: 9, 15: 0, 17: 0, 20: 0, 18: 0, 16: 0, 19: 0, 9: 0}"
67.11100006103516,1.5654961,1.1145572,-0.9593,"{13: 0, 12: 5, 11: 5, 10: 0, 8: 7, 6: 0, 7: 4, 14: 9, 15: 0, 17: 0, 20: 0, 18: 0, 16: 0, 19: 0, 9: 0}"
67.61100006103516,1.5853887,1.086424,-0.9618,"{13: 0, 12: 3, 11: 3, 10: 0, 8: 5, 6: 0, 7: 3, 14: 9, 15: 0, 17: 0, 20: 0, 18: 0, 16: 0, 19: 0, 9: 0}"
68.11100006103516,1.604462,1.0600174,-0.9606,"{13: 0, 12: 2, 11: 1, 10: 0, 8: 3, 6: 0, 7: 2, 14: 8, 15: 0, 17: 0, 20: 0, 18: 0, 16: 0, 19: 0, 9: 0}"
68.61100006103516,1.6217749,1.0331529,-1.0455,"{13: 0, 12: 2, 11: 1, 10: 0, 8: 3, 6: 0, 7: 2, 14: 8, 15: 0, 17: 0, 20: 0, 18: 0, 16: 0, 19: 0, 9: 0}"
69.11100006103516,1.6323564,1.014991,-1.0479,"{13: 0, 12: 1, 11: 0, 10: 0, 8: 2, 6: 0, 7: 2, 14: 7, 15: 0, 17: 0, 20: 0, 18: 0, 16: 0, 19: 0, 9: 0}"
69.61100006103516,1.6434141,0.9976879,-1.0506,"{13: 0, 12: 2, 11: 0, 10: 0, 8: 2, 6: 0, 7: 2, 14: 7, 15: 0, 17: 0, 20: 0, 18: 0, 16: 0, 19: 0, 9: 0}"
70.11100006103516,1.656289,0.9727689,-1.1298,"{13: 0, 12: 1, 11: 0, 10: 0, 8: 1, 6: 0, 7: 3, 14: 6, 15: 0, 17: 0, 20: 0, 18: 0, 16: 0, 19: 0, 9: 0}"
70.61100006103516,1.6706799,0.9431225,-1.1296,"{13: 0, 12: 1, 11: 0, 10: 0, 8: 2, 6: 0, 7: 3, 14: 6, 15: 0, 17: 0, 20: 0, 18: 0, 16: 0, 19: 0, 9: 0}"
71.11100006103516,1.6848481,0.9136834,-1.2144,"{13: 0, 12: 2, 11: 1, 10: 0, 8: 1, 6: 0, 7: 3, 14: 6, 15: 0, 17: 0, 20: 0, 18: 0, 16: 0, 19: 0, 9: 0}"
71.61100006103516,1.6964567,0.8826719,-1.2092,"{13: 0, 12: 1, 11: 1, 10: 0, 8: 2, 6: 0, 7: 2, 14: 4, 15: 0, 17: 0, 20: 0, 18: 0, 16: 0, 19: 0, 9: 0}"
72.11100006103516,1.7071866,0.8535794,-1.2801,"{13: 0, 12: 1, 11: 3, 10: 0, 8: 4, 6: 0, 7: 1, 14: 3, 15: 0, 17: 0, 20: 0, 18: 0, 16: 0, 19: 0, 9: 0}"
72.61100006103516,1.7168084,0.8222647,-1.3207,"{13: 0, 12: 1, 11: 4, 10: 0, 8: 3, 6: 0, 7: 0, 14: 1, 15: 0, 17: 0, 20: 0, 18: 0, 16: 0, 19: 0, 9: 0}"
73.11100006103516,1.7256807,0.7889173,-1.3206,"{13: 0, 12: 0, 11: 5, 10: 0, 8: 4, 6: 0, 7: 1, 14: 0, 15: 0, 17: 0, 20: 0, 18: 0, 16: 0, 19: 0, 9: 0}"
73.61100006103516,1.7324926,0.7552544,-1.3587,"{13: 0, 12: 0, 11: 8, 10: 0, 8: 4, 6: 0, 7: 2, 14: 0, 15: 0, 17: 0, 20: 0, 18: 0, 16: 0, 19: 0, 9: 0}"
74.11100006103516,1.7403846,0.7189233,-1.3828,"{13: 0, 12: 2, 11: 8, 10: 0, 8: 2, 6: 0, 7: 2, 14: 0, 15: 0, 17: 0, 20: 0, 18: 0, 16: 0, 19: 0, 9: 0}"
74.61100006103516,1.7462917,0.6846348,-1.384,"{13: 0, 12: 4, 11: 9, 10: 0, 8: 2, 6: 0, 7: 2, 14: 0, 15: 0, 17: 0, 20: 0, 18: 0, 16: 0, 19: 0, 9: 0}"
75.11100006103516,1.7533593,0.6470128,-1.3824,"{13: 0, 12: 4, 11: 9, 10: 0, 8: 1, 6: 0, 7: 1, 14: 0, 15: 0, 17: 0, 20: 0, 18: 0, 16: 0, 19: 0, 9: 0}"
75.61100006103516,1.7593562,0.6114951,-1.3809,"{13: 0, 12: 4, 11: 8, 10: 0, 8: 1, 6: 0, 7: 1, 14: 0, 15: 0, 17: 0, 20: 0, 18: 0, 16: 0, 19: 0, 9: 0}"
76.11100006103516,1.7656235,0.5750604,-1.3628,"{13: 0, 12: 3, 11: 7, 10: 0, 8: 1, 6: 0, 7: 2, 14: 0, 15: 0, 17: 0, 20: 0, 18: 0, 16: 0, 19: 0, 9: 0}"
76.61100006103516,1.7735501,0.540616,-1.3759,"{13: 0, 12: 1, 11: 7, 10: 0, 8: 3, 6: 0, 7: 2, 14: 0, 15: 0, 17: 0, 20: 0, 18: 0, 16: 0, 19: 0, 9: 0}"
77.11100006103516,1.7810974,0.5071488,-1.3659,"{13: 0, 12: 1, 11: 7, 10: 0, 8: 4, 6: 0, 7: 3, 14: 0, 15: 0, 17: 0, 20: 0, 18: 0, 16: 0, 19: 0, 9: 0}"
77.61100006103516,1.7894513,0.4741417,-1.3653,"{13: 0, 12: 2, 11: 6, 10: 0, 8: 3, 6: 0, 7: 2, 14: 0, 15: 0, 17: 0, 20: 0, 18: 0, 16: 0, 19: 0, 9: 0}"
78.11100006103516,1.7977955,0.4399883,-1.3634,"{13: 0, 12: 1, 11: 6, 10: 0, 8: 4, 6: 0, 7: 1, 14: 0, 15: 0, 17: 0, 20: 0, 18: 0, 16: 0, 19: 0, 9: 0}"
78.61100006103516,1.8054205,0.406116,-1.3668,"{13: 0, 12: 1, 11: 7, 10: 0, 8: 3, 6: 0, 7: 1, 14: 0, 15: 0, 17: 0, 20: 0, 18: 0, 16: 0, 19: 0, 9: 0}"
79.11100006103516,1.8137343,0.3695466,-1.3493,"{13: 0, 12: 1, 11: 7, 10: 0, 8: 2, 6: 0, 7: 0, 14: 0, 15: 0, 17: 0, 20: 0, 18: 0, 16: 0, 19: 0, 9: 1}"
79.61100006103516,1.8223448,0.3355018,-1.344,"{13: 0, 12: 0, 11: 7, 10: 0, 8: 3, 6: 0, 7: 0, 14: 0, 15: 0, 17: 0, 20: 0, 18: 0, 16: 0, 19: 0, 9: 1}"
80.11100006103516,1.8301337,0.3010767,-1.3447,"{13: 0, 12: 1, 11: 7, 10: 0, 8: 3, 6: 0, 7: 1, 14: 0, 15: 0, 17: 0, 20: 0, 18: 0, 16: 0, 19: 0, 9: 1}"
80.61100006103516,1.8377972,0.2676609,-1.3445,"{13: 0, 12: 1, 11: 5, 10: 0, 8: 3, 6: 0, 7: 1, 14: 0, 15: 0, 17: 0, 20: 0, 18: 0, 16: 0, 19: 0, 9: 1}"
81.11100006103516,1.8449586,0.2360183,-1.3434,"{13: 0, 12: 1, 11: 3, 10: 0, 8: 4, 6: 0, 7: 2, 14: 0, 15: 0, 17: 0, 20: 0, 18: 0, 16: 0, 19: 0, 9: 0}"
81.61100006103516,1.8530198,0.2011837,-1.3454,"{13: 0, 12: 2, 11: 3, 10: 0, 8: 5, 6: 0, 7: 2, 14: 0, 15: 0, 17: 0, 20: 0, 18: 0, 16: 0, 19: 0, 9: 0}"
82.11100006103516,1.8611902,0.1680348,-1.3453,"{13: 0, 12: 3, 11: 4, 10: 0, 8: 6, 6: 0, 7: 1, 14: 0, 15: 0, 17: 0, 20: 0, 18: 0, 16: 0, 19: 0, 9: 0}"
82.61100006103516,1.8692323,0.1339777,-1.3457,"{13: 0, 12: 4, 11: 5, 10: 0, 8: 7, 6: 0, 7: 3, 14: 0, 15: 0, 17: 0, 20: 0, 18: 0, 16: 0, 19: 0, 9: 1}"
83.11100006103516,1.8767227,0.1011274,-1.344,"{13: 0, 12: 4, 11: 6, 10: 0, 8: 7, 6: 0, 7: 3, 14: 0, 15: 0, 17: 0, 20: 0, 18: 0, 16: 0, 19: 0, 9: 2}"
83.61100006103516,1.8845184,0.066935,-1.3425,"{13: 0, 12: 3, 11: 7, 10: 0, 8: 7, 6: 0, 7: 4, 14: 0, 15: 0, 17: 0, 20: 0, 18: 0, 16: 0, 19: 0, 9: 4}"
84.11100006103516,1.8903404,0.0399703,-1.2284,"{13: 0, 12: 1, 11: 5, 10: 0, 8: 5, 6: 0, 7: 4, 14: 0, 15: 0, 17: 0, 20: 0, 18: 0, 16: 0, 19: 0, 9: 4}"
84.61100006103516,1.901591,0.0155885,-1.0241,"{13: 0, 12: 0, 11: 6, 10: 0, 8: 5, 6: 0, 7: 2, 14: 0, 15: 0, 17: 0, 20: 0, 18: 0, 16: 0, 19: 0, 9: 3}"
85.11100006103516,1.9167627,-0.0070592,-0.8526,"{13: 0, 12: 0, 11: 7, 10: 0, 8: 6, 6: 0, 7: 2, 14: 0, 15: 0, 17: 0, 20: 0, 18: 0, 16: 0, 19: 0, 9: 2}"
85.61100006103516,1.9366698,-0.0296979,-0.7243,"{13: 0, 12: 0, 11: 7, 10: 0, 8: 4, 6: 0, 7: 2, 14: 0, 15: 0, 17: 0, 20: 0, 18: 0, 16: 0, 19: 0, 9: 0}"
86.11100006103516,1.9589422,-0.0479415,-0.6144,"{13: 0, 12: 0, 11: 9, 10: 0, 8: 4, 6: 0, 7: 2, 14: 0, 15: 0, 17: 0, 20: 0, 18: 0, 16: 0, 19: 0, 9: 0}"
86.61100006103516,1.9845821,-0.0640945,-0.5164,"{13: 0, 12: 0, 11: 8, 10: 0, 8: 2, 6: 0, 7: 2, 14: 0, 15: 0, 17: 0, 20: 0, 18: 0, 16: 0, 19: 0, 9: 0}"
87.11100006103516,2.0100738,-0.0777924,-0.5211,"{13: 0, 12: 0, 11: 8, 10: 0, 8: 0, 6: 0, 7: 1, 14: 0, 15: 0, 17: 0, 20: 0, 18: 0, 16: 0, 19: 0, 9: 0}"
87.61100006103516,2.0367167,-0.093361,-0.5125,"{13: 0, 12: 0, 11: 8, 10: 0, 8: 0, 6: 0, 7: 0, 14: 0, 15: 0, 17: 0, 20: 0, 18: 0, 16: 0, 19: 0, 9: 0}"
88.11100006103516,2.0637112,-0.1079823,-0.5182,"{13: 0, 12: 0, 11: 8, 10: 0, 8: 0, 6: 0, 7: 0, 14: 0, 15: 0, 17: 0, 20: 0, 18: 0, 16: 0, 19: 0, 9: 0}"
88.61100006103516,2.0886251,-0.1209474,-0.5211,"{13: 0, 12: 0, 11: 8, 10: 0, 8: 0, 6: 0, 7: 0, 14: 0, 15: 0, 17: 0, 20: 0, 18: 0, 16: 0, 19: 0, 9: 0}"
89.11100006103516,2.109821,-0.1330583,-0.5181,"{13: 0, 12: 0, 11: 8, 10: 0, 8: 0, 6: 0, 7: 0, 14: 0, 15: 0, 17: 0, 20: 0, 18: 0, 16: 0, 19: 0, 9: 0}"
89.61100006103516,2.1327617,-0.1467446,-0.5153,"{13: 0, 12: 0, 11: 8, 10: 0, 8: 0, 6: 0, 7: 0, 14: 0, 15: 0, 17: 0, 20: 0, 18: 0, 16: 0, 19: 0, 9: 0}"
90.11100006103516,2.1551253,-0.1589764,-0.5174,"{13: 0, 12: 0, 11: 8, 10: 0, 8: 0, 6: 0, 7: 0, 14: 0, 15: 0, 17: 0, 20: 0, 18: 0, 16: 0, 19: 0, 9: 0}"
90.61100006103516,2.1852758,-0.1760463,-0.5185,"{13: 0, 12: 0, 11: 8, 10: 0, 8: 0, 6: 0, 7: 0, 14: 0, 15: 0, 17: 0, 20: 0, 18: 0, 16: 0, 19: 0, 9: 0}"
91.11100006103516,2.2149965,-0.192611,-0.5176,"{13: 0, 12: 0, 11: 8, 10: 0, 8: 0, 6: 0, 7: 0, 14: 0, 15: 0, 17: 0, 20: 0, 18: 0, 16: 0, 19: 0, 9: 0}"
91.61100006103516,2.2431681,-0.2084054,-0.5148,"{13: 0, 12: 0, 11: 8, 10: 0, 8: 0, 6: 0, 7: 0, 14: 0, 15: 0, 17: 0, 20: 0, 18: 0, 16: 0, 19: 0, 9: 0}"
92.11100006103516,2.2728986,-0.2251773,-0.5145,"{13: 0, 12: 0, 11: 8, 10: 0, 8: 0, 6: 0, 7: 0, 14: 0, 15: 0, 17: 0, 20: 0, 18: 0, 16: 0, 19: 0, 9: 0}"
92.61100006103516,2.3028795,-0.241254,-0.5158,"{13: 0, 12: 0, 11: 8, 10: 0, 8: 0, 6: 0, 7: 0, 14: 0, 15: 0, 17: 0, 20: 0, 18: 0, 16: 0, 19: 0, 9: 0}"
93.11100006103516,2.3334726,-0.2580685,-0.5186,"{13: 0, 12: 0, 11: 8, 10: 0, 8: 0, 6: 0, 7: 0, 14: 0, 15: 0, 17: 0, 20: 0, 18: 0, 16: 0, 19: 0, 9: 0}"
93.61100006103516,2.3613271,-0.2735788,-0.5196,"{13: 0, 12: 0, 11: 8, 10: 0, 8: 0, 6: 0, 7: 0, 14: 0, 15: 0, 17: 0, 20: 0, 18: 0, 16: 0, 19: 0, 9: 0}"
94.11100006103516,2.3919939,-0.2906616,-0.5201,"{13: 0, 12: 0, 11: 9, 10: 0, 8: 0, 6: 0, 7: 0, 14: 0, 15: 0, 17: 0, 20: 0, 18: 0, 16: 0, 19: 0, 9: 0}"
94.61100006103516,2.4207322,-0.3067749,-0.5197,"{13: 0, 12: 0, 11: 9, 10: 0, 8: 0, 6: 0, 7: 0, 14: 0, 15: 0, 17: 0, 20: 0, 18: 0, 16: 0, 19: 0, 9: 0}"
95.11100006103516,2.4491701,-0.3225705,-0.5085,"{13: 0, 12: 0, 11: 9, 10: 0, 8: 0, 6: 0, 7: 0, 14: 0, 15: 0, 17: 0, 20: 0, 18: 0, 16: 0, 19: 0, 9: 0}"
95.61100006103516,2.4787968,-0.3360765,-0.4356,"{13: 0, 12: 0, 11: 9, 10: 0, 8: 0, 6: 0, 7: 0, 14: 0, 15: 0, 17: 0, 20: 0, 18: 0, 16: 0, 19: 0, 9: 0}"
96.11100006103516,2.5088166,-0.3495271,-0.4347,"{13: 0, 12: 0, 11: 8, 10: 0, 8: 0, 6: 0, 7: 0, 14: 0, 15: 0, 17: 0, 20: 0, 18: 0, 16: 0, 19: 0, 9: 0}"
96.61100006103516,2.5370003,-0.3604411,-0.3562,"{13: 0, 12: 0, 11: 7, 10: 0, 8: 0, 6: 0, 7: 0, 14: 0, 15: 0, 17: 0, 20: 0, 18: 0, 16: 0, 19: 0, 9: 0}"
97.11100006103516,2.5670478,-0.370739,-0.2732,"{13: 0, 12: 0, 11: 5, 10: 0, 8: 0, 6: 0, 7: 0, 14: 0, 15: 0, 17: 0, 20: 0, 18: 0, 16: 0, 19: 0, 9: 0}"
97.61100006103516,2.5982165,-0.3799126,-0.2659,"{13: 0, 12: 0, 11: 3, 10: 0, 8: 0, 6: 0, 7: 0, 14: 0, 15: 0, 17: 0, 20: 0, 18: 0, 16: 0, 19: 0, 9: 0}"
98.11100006103516,2.6275773,-0.3860388,-0.1802,"{13: 0, 12: 0, 11: 1, 10: 0, 8: 0, 6: 0, 7: 0, 14: 0, 15: 0, 17: 0, 20: 0, 18: 0, 16: 0, 19: 0, 9: 0}"
98.61100006103516,2.6606445,-0.392762,-0.1451,"{13: 0, 12: 0, 11: 0, 10: 0, 8: 0, 6: 0, 7: 0, 14: 0, 15: 0, 17: 0, 20: 0, 18: 0, 16: 0, 19: 0, 9: 0}"
99.11100006103516,2.6906326,-0.3951965,-0.0946,"{13: 0, 12: 0, 11: 0, 10: 0, 8: 0, 6: 0, 7: 0, 14: 0, 15: 0, 17: 0, 20: 0, 18: 0, 16: 0, 19: 0, 9: 0}"
99.61100006103516,2.7246252,-0.3977875,-0.0923,"{13: 0, 12: 0, 11: 0, 10: 0, 8: 0, 6: 0, 7: 0, 14: 0, 15: 0, 17: 0, 20: 0, 18: 0, 16: 0, 19: 0, 9: 0}"
100.11100006103516,2.7533749,-0.4000377,-0.0075,"{13: 0, 12: 0, 11: 0, 10: 0, 8: 0, 6: 0, 7: 0, 14: 0, 15: 0, 17: 0, 20: 0, 18: 0, 16: 0, 19: 0, 9: 0}"
100.61100006103516,2.7861536,-0.4003926,0.0443,"{13: 0, 12: 0, 11: 0, 10: 0, 8: 0, 6: 0, 7: 0, 14: 0, 15: 0, 17: 0, 20: 0, 18: 0, 16: 0, 19: 0, 9: 0}"
101.11100006103516,2.8175012,-0.3973157,0.0734,"{13: 0, 12: 0, 11: 0, 10: 0, 8: 0, 6: 0, 7: 0, 14: 0, 15: 3, 17: 0, 20: 0, 18: 0, 16: 0, 19: 0, 9: 0}"
101.61100006103516,2.8479295,-0.3946782,0.1672,"{13: 0, 12: 0, 11: 0, 10: 0, 8: 0, 6: 0, 7: 0, 14: 0, 15: 5, 17: 0, 20: 0, 18: 0, 16: 0, 19: 0, 9: 0}"
102.11100006103516,2.8810504,-0.3883709,0.1663,"{13: 0, 12: 0, 11: 0, 10: 0, 8: 0, 6: 0, 7: 0, 14: 0, 15: 7, 17: 0, 20: 0, 18: 0, 16: 0, 19: 0, 9: 0}"
102.61100006103516,2.9112349,-0.3814562,0.2433,"{13: 0, 12: 0, 11: 0, 10: 0, 8: 0, 6: 0, 7: 0, 14: 0, 15: 9, 17: 0, 20: 0, 18: 0, 16: 0, 19: 0, 9: 0}"
103.11100006103516,2.9421888,-0.3737876,0.262,"{13: 0, 12: 0, 11: 0, 10: 0, 8: 0, 6: 0, 7: 0, 14: 0, 15: 8, 17: 0, 20: 0, 18: 0, 16: 0, 19: 0, 9: 0}"
103.61100006103516,2.9722322,-0.3640589,0.3317,"{13: 0, 12: 0, 11: 0, 10: 0, 8: 0, 6: 0, 7: 0, 14: 0, 15: 8, 17: 0, 20: 0, 18: 0, 16: 0, 19: 0, 9: 0}"
104.11100006103516,3.0009265,-0.3541296,0.4015,"{13: 0, 12: 0, 11: 0, 10: 0, 8: 0, 6: 0, 7: 0, 14: 0, 15: 8, 17: 0, 20: 0, 18: 0, 16: 0, 19: 0, 9: 0}"
104.61100006103516,3.0305109,-0.3407821,0.4233,"{13: 0, 12: 0, 11: 0, 10: 0, 8: 0, 6: 0, 7: 0, 14: 0, 15: 8, 17: 0, 20: 0, 18: 0, 16: 0, 19: 0, 9: 0}"
105.11100006103516,3.0597943,-0.3259393,0.4963,"{13: 0, 12: 0, 11: 0, 10: 0, 8: 0, 6: 0, 7: 0, 14: 0, 15: 8, 17: 0, 20: 0, 18: 0, 16: 0, 19: 0, 9: 0}"
105.61100006103516,3.0865686,-0.3107899,0.5018,"{13: 0, 12: 0, 11: 0, 10: 0, 8: 0, 6: 0, 7: 0, 14: 0, 15: 8, 17: 0, 20: 0, 18: 0, 16: 0, 19: 0, 9: 0}"
106.11100006103516,3.1132006,-0.2959428,0.5936,"{13: 0, 12: 0, 11: 0, 10: 0, 8: 0, 6: 0, 7: 0, 14: 0, 15: 8, 17: 0, 20: 0, 18: 0, 16: 0, 19: 0, 9: 0}"
106.61100006103516,3.1413733,-0.2766051,0.6276,"{13: 0, 12: 0, 11: 0, 10: 0, 8: 0, 6: 0, 7: 0, 14: 0, 15: 8, 17: 0, 20: 0, 18: 0, 16: 0, 19: 0, 9: 0}"
107.11100006103516,3.1662491,-0.2569245,0.688,"{13: 0, 12: 0, 11: 0, 10: 0, 8: 0, 6: 0, 7: 0, 14: 0, 15: 8, 17: 0, 20: 0, 18: 0, 16: 0, 19: 0, 9: 0}"
107.61100006103516,3.1898438,-0.2370296,0.7553,"{13: 0, 12: 0, 11: 0, 10: 0, 8: 0, 6: 0, 7: 0, 14: 0, 15: 8, 17: 0, 20: 0, 18: 0, 16: 0, 19: 0, 9: 0}"
108.11100006103516,3.2118444,-0.2147677,0.7699,"{13: 0, 12: 0, 11: 0, 10: 0, 8: 0, 6: 0, 7: 0, 14: 0, 15: 8, 17: 0, 20: 0, 18: 0, 16: 0, 19: 0, 9: 0}"
108.61100006103516,3.2333951,-0.1931998,0.858,"{13: 0, 12: 0, 11: 0, 10: 0, 8: 0, 6: 0, 7: 0, 14: 0, 15: 8, 17: 0, 20: 0, 18: 0, 16: 0, 19: 0, 9: 0}"
109.11100006103516,3.2552713,-0.1671022,0.8607,"{13: 0, 12: 0, 11: 0, 10: 0, 8: 0, 6: 0, 7: 0, 14: 0, 15: 8, 17: 0, 20: 3, 18: 0, 16: 0, 19: 0, 9: 0}"
109.61100006103516,3.2741033,-0.1426924,0.9449,"{13: 0, 12: 0, 11: 0, 10: 0, 8: 0, 6: 0, 7: 0, 14: 0, 15: 6, 17: 0, 20: 5, 18: 0, 16: 0, 19: 0, 9: 0}"
110.11100006103516,3.2938835,-0.1150718,0.9561,"{13: 0, 12: 0, 11: 0, 10: 0, 8: 0, 6: 0, 7: 0, 14: 0, 15: 4, 17: 0, 20: 7, 18: 0, 16: 0, 19: 0, 9: 0}"
110.61100006103516,3.3079375,-0.0923607,1.1065,"{13: 0, 12: 0, 11: 0, 10: 0, 8: 0, 6: 0, 7: 0, 14: 0, 15: 4, 17: 1, 20: 9, 18: 0, 16: 0, 19: 0, 9: 0}"
111.11100006103516,3.3219818,-0.0617423,1.1139,"{13: 0, 12: 0, 11: 0, 10: 0, 8: 0, 6: 0, 7: 0, 14: 0, 15: 3, 17: 3, 20: 6, 18: 0, 16: 0, 19: 0, 9: 0}"
111.61100006103516,3.335815,-0.0321479,1.1145,"{13: 0, 12: 0, 11: 0, 10: 0, 8: 0, 6: 0, 7: 0, 14: 0, 15: 3, 17: 5, 20: 4, 18: 0, 16: 0, 19: 0, 9: 0}"
112.11100006103516,3.3482214,-0.0046175,1.1945,"{13: 0, 12: 0, 11: 0, 10: 0, 8: 0, 6: 0, 7: 0, 14: 0, 15: 3, 17: 7, 20: 3, 18: 0, 16: 0, 19: 0, 9: 0}"
112.61100006103516,3.3602759,0.0260893,1.203,"{13: 0, 12: 0, 11: 0, 10: 0, 8: 0, 6: 0, 7: 0, 14: 0, 15: 1, 17: 8, 20: 1, 18: 0, 16: 0, 19: 0, 9: 0}"
113.11100006103516,3.3690507,0.0543803,1.2824,"{13: 0, 12: 0, 11: 0, 10: 0, 8: 0, 6: 0, 7: 0, 14: 0, 15: 0, 17: 7, 20: 1, 18: 0, 16: 0, 19: 0, 9: 0}"
113.61100006103516,3.3788709,0.0838045,1.3253,"{13: 0, 12: 0, 11: 0, 10: 0, 8: 0, 6: 0, 7: 0, 14: 0, 15: 0, 17: 7, 20: 2, 18: 0, 16: 0, 19: 0, 9: 0}"
114.11100006103516,3.3840512,0.1114554,1.3697,"{13: 0, 12: 0, 11: 0, 10: 0, 8: 0, 6: 0, 7: 0, 14: 0, 15: 0, 17: 6, 20: 1, 18: 0, 16: 0, 19: 1, 9: 0}"
114.61100006103516,3.3897376,0.1388534,1.4627,"{13: 0, 12: 0, 11: 0, 10: 0, 8: 0, 6: 0, 7: 0, 14: 0, 15: 0, 17: 6, 20: 1, 18: 0, 16: 0, 19: 2, 9: 0}"
115.11100006103516,3.3917056,0.1675236,1.459,"{13: 0, 12: 0, 11: 0, 10: 0, 8: 0, 6: 0, 7: 0, 14: 0, 15: 0, 17: 5, 20: 1, 18: 0, 16: 0, 19: 4, 9: 0}"
115.61100006103516,3.3956564,0.1965502,1.5215,"{13: 0, 12: 0, 11: 0, 10: 0, 8: 0, 6: 0, 7: 0, 14: 0, 15: 0, 17: 3, 20: 0, 18: 0, 16: 0, 19: 6, 9: 0}"
116.11100006103516,3.3965953,0.2264551,1.5487,"{13: 0, 12: 0, 11: 0, 10: 0, 8: 0, 6: 0, 7: 0, 14: 0, 15: 0, 17: 2, 20: 0, 18: 0, 16: 0, 19: 6, 9: 0}"
116.61100006103516,3.3978853,0.2548995,1.5864,"{13: 0, 12: 0, 11: 0, 10: 0, 8: 0, 6: 0, 7: 0, 14: 0, 15: 0, 17: 0, 20: 1, 18: 0, 16: 0, 19: 7, 9: 0}"
117.11100006103516,3.3960208,0.2831276,1.6347,"{13: 0, 12: 0, 11: 0, 10: 0, 8: 0, 6: 0, 7: 0, 14: 0, 15: 0, 17: 0, 20: 2, 18: 0, 16: 0, 19: 7, 9: 0}"
117.61100006103516,3.3941454,0.3105064,1.7063,"{13: 0, 12: 0, 11: 0, 10: 0, 8: 0, 6: 0, 7: 0, 14: 0, 15: 0, 17: 1, 20: 2, 18: 0, 16: 0, 19: 6, 9: 0}"
118.11100006103516,3.3900478,0.3387293,1.7235,"{13: 0, 12: 0, 11: 0, 10: 0, 8: 0, 6: 0, 7: 0, 14: 0, 15: 0, 17: 1, 20: 2, 18: 1, 16: 0, 19: 6, 9: 0}"
118.61100006103516,3.3852821,0.3685755,1.8008,"{13: 0, 12: 0, 11: 0, 10: 0, 8: 0, 6: 0, 7: 0, 14: 0, 15: 0, 17: 1, 20: 1, 18: 1, 16: 0, 19: 6, 9: 0}"
119.11100006103516,3.3783805,0.3947189,1.8114,"{13: 0, 12: 0, 11: 0, 10: 0, 8: 0, 6: 0, 7: 0, 14: 0, 15: 0, 17: 1, 20: 0, 18: 3, 16: 0, 19: 5, 9: 0}"
119.61100006103516,3.3717806,0.4210965,1.8844,"{13: 0, 12: 0, 11: 0, 10: 0, 8: 0, 6: 0, 7: 0, 14: 0, 15: 0, 17: 0, 20: 0, 18: 3, 16: 1, 19: 5, 9: 0}"
120.11100006103516,3.3640362,0.4451762,1.8991,"{13: 0, 12: 0, 11: 0, 10: 0, 8: 0, 6: 0, 7: 0, 14: 0, 15: 0, 17: 1, 20: 0, 18: 2, 16: 2, 19: 4, 9: 0}"
120.61100006103516,3.3554447,0.4696369,1.9762,"{13: 0, 12: 0, 11: 0, 10: 0, 8: 0, 6: 0, 7: 0, 14: 0, 15: 0, 17: 1, 20: 0, 18: 3, 16: 3, 19: 3, 9: 0}"
121.11100006103516,3.3454922,0.4917286,1.9842,"{13: 0, 12: 0, 11: 0, 10: 0, 8: 0, 6: 0, 7: 0, 14: 0, 15: 0, 17: 2, 20: 0, 18: 2, 16: 4, 19: 2, 9: 0}"
121.61100006103516,3.3341866,0.5160987,2.0605,"{13: 0, 12: 0, 11: 0, 10: 0, 8: 0, 6: 0, 7: 0, 14: 0, 15: 0, 17: 2, 20: 0, 18: 3, 16: 5, 19: 1, 9: 0}"
122.11100006103516,3.3223825,0.5378191,2.0693,"{13: 0, 12: 0, 11: 0, 10: 0, 8: 0, 6: 0, 7: 0, 14: 0, 15: 0, 17: 1, 20: 0, 18: 4, 16: 5, 19: 1, 9: 0}"
122.61100006103516,3.3094078,0.5608711,2.1367,"{13: 0, 12: 0, 11: 0, 10: 0, 8: 0, 6: 0, 7: 0, 14: 0, 15: 0, 17: 1, 20: 0, 18: 6, 16: 7, 19: 0, 9: 0}"
123.11100006103516,3.2967208,0.5806792,2.1509,"{13: 0, 12: 0, 11: 0, 10: 0, 8: 0, 6: 0, 7: 0, 14: 0, 15: 0, 17: 0, 20: 0, 18: 6, 16: 8, 19: 1, 9: 0}"
123.61100006103516,3.2836129,0.6016098,2.1898,"{13: 0, 12: 0, 11: 0, 10: 0, 8: 0, 6: 0, 7: 0, 14: 0, 15: 0, 17: 0, 20: 0, 18: 5, 16: 8, 19: 2, 9: 0}"
124.11100006103516,3.266996,0.6228508,2.2266,"{13: 0, 12: 0, 11: 0, 10: 0, 8: 0, 6: 0, 7: 0, 14: 0, 15: 0, 17: 0, 20: 0, 18: 4, 16: 8, 19: 2, 9: 0}"
124.61100006103516,3.2497398,0.6437478,2.2781,"{13: 0, 12: 0, 11: 0, 10: 0, 8: 0, 6: 0, 7: 0, 14: 0, 15: 0, 17: 0, 20: 0, 18: 1, 16: 7, 19: 3, 9: 0}"
125.11100006103516,3.2338623,0.6624299,2.2828,"{13: 0, 12: 0, 11: 0, 10: 0, 8: 0, 6: 0, 7: 0, 14: 0, 15: 0, 17: 0, 20: 0, 18: 1, 16: 7, 19: 2, 9: 0}"
125.61100006103516,3.2109718,0.6860657,2.3461,"{13: 0, 12: 0, 11: 0, 10: 0, 8: 0, 6: 0, 7: 0, 14: 0, 15: 0, 17: 0, 20: 0, 18: 1, 16: 7, 19: 2, 9: 0}"
126.11100006103516,3.1869599,0.7087405,2.3816,"{13: 0, 12: 0, 11: 0, 10: 0, 8: 0, 6: 0, 7: 0, 14: 0, 15: 0, 17: 0, 20: 0, 18: 2, 16: 8, 19: 3, 9: 0}"
126.61100006103516,3.1578952,0.7339069,2.3865,"{13: 0, 12: 0, 11: 0, 10: 0, 8: 0, 6: 0, 7: 0, 14: 0, 15: 0, 17: 0, 20: 0, 18: 3, 16: 8, 19: 2, 9: 0}"
127.11100006103516,3.1333156,0.7587709,2.3741,"{13: 0, 12: 0, 11: 0, 10: 0, 8: 0, 6: 0, 7: 0, 14: 0, 15: 0, 17: 0, 20: 0, 18: 2, 16: 8, 19: 2, 9: 0}"
127.61100006103516,3.1069028,0.7834971,2.3719,"{13: 0, 12: 0, 11: 0, 10: 0, 8: 0, 6: 0, 7: 0, 14: 0, 15: 0, 17: 0, 20: 0, 18: 2, 16: 8, 19: 1, 9: 0}"
128.11100006103516,3.0806019,0.8076541,2.3524,"{13: 0, 12: 0, 11: 0, 10: 0, 8: 0, 6: 0, 7: 0, 14: 0, 15: 0, 17: 0, 20: 0, 18: 1, 16: 8, 19: 0, 9: 0}"
128.61100006103516,3.0550695,0.8338304,2.3534,"{13: 0, 12: 0, 11: 0, 10: 0, 8: 0, 6: 0, 7: 0, 14: 0, 15: 0, 17: 0, 20: 0, 18: 1, 16: 8, 19: 0, 9: 0}"
129.11100006103516,3.0305816,0.8598585,2.3385,"{13: 0, 12: 0, 11: 0, 10: 0, 8: 0, 6: 0, 7: 0, 14: 0, 15: 0, 17: 0, 20: 0, 18: 1, 16: 7, 19: 0, 9: 0}"
129.61100006103516,3.0051066,0.8855491,2.3338,"{13: 0, 12: 0, 11: 0, 10: 0, 8: 0, 6: 0, 7: 0, 14: 0, 15: 0, 17: 0, 20: 0, 18: 1, 16: 8, 19: 0, 9: 0}"
130.11100006103516,2.9798138,0.9125439,2.3224,"{13: 0, 12: 0, 11: 0, 10: 0, 8: 0, 6: 0, 7: 0, 14: 0, 15: 0, 17: 0, 20: 0, 18: 1, 16: 8, 19: 0, 9: 0}"
130.61100006103516,2.9551871,0.9387427,2.3248,"{13: 0, 12: 0, 11: 0, 10: 0, 8: 0, 6: 0, 7: 0, 14: 0, 15: 0, 17: 0, 20: 0, 18: 1, 16: 8, 19: 2, 9: 0}"
131.11100006103516,2.9315274,0.963796,2.3074,"{13: 0, 12: 0, 11: 0, 10: 0, 8: 0, 6: 0, 7: 0, 14: 0, 15: 0, 17: 0, 20: 0, 18: 1, 16: 9, 19: 2, 9: 0}"
131.61100006103516,2.9062757,0.9903437,2.2883,"{13: 0, 12: 0, 11: 0, 10: 0, 8: 0, 6: 0, 7: 0, 14: 0, 15: 0, 17: 0, 20: 0, 18: 1, 16: 8, 19: 2, 9: 0}"
132.11100006103516,2.8844712,1.0173875,2.2888,"{13: 0, 12: 0, 11: 0, 10: 0, 8: 0, 6: 0, 7: 0, 14: 0, 15: 0, 17: 0, 20: 0, 18: 1, 16: 8, 19: 2, 9: 0}"
132.61100006103516,2.8599625,1.0438804,2.2827,"{13: 0, 12: 0, 11: 0, 10: 0, 8: 0, 6: 0, 7: 0, 14: 0, 15: 0, 17: 0, 20: 0, 18: 0, 16: 8, 19: 0, 9: 0}"
133.11100006103516,2.8357289,1.0709418,2.2631,"{13: 0, 12: 0, 11: 0, 10: 0, 8: 0, 6: 0, 7: 0, 14: 0, 15: 0, 17: 0, 20: 0, 18: 0, 16: 8, 19: 0, 9: 0}"
133.61100006103516,2.8134656,1.097685,2.247,"{13: 0, 12: 0, 11: 0, 10: 0, 8: 0, 6: 0, 7: 0, 14: 0, 15: 0, 17: 0, 20: 0, 18: 0, 16: 8, 19: 1, 9: 0}"
134.11100006103516,2.789508,1.1275219,2.2375,"{13: 0, 12: 0, 11: 0, 10: 0, 8: 0, 6: 0, 7: 0, 14: 0, 15: 0, 17: 0, 20: 0, 18: 0, 16: 9, 19: 2, 9: 0}"
134.61100006103516,2.7670944,1.1532867,2.2243,"{13: 0, 12: 0, 11: 0, 10: 0, 8: 0, 6: 0, 7: 0, 14: 0, 15: 0, 17: 0, 20: 0, 18: 0, 16: 8, 19: 2, 9: 0}"
135.11100006103516,2.7443469,1.1830411,2.2243,"{13: 0, 12: 0, 11: 0, 10: 0, 8: 0, 6: 0, 7: 0, 14: 0, 15: 0, 17: 0, 20: 0, 18: 1, 16: 8, 19: 2, 9: 0}"
135.61100006103516,2.7238214,1.2113945,2.2144,"{13: 0, 12: 0, 11: 0, 10: 0, 8: 0, 6: 0, 7: 0, 14: 0, 15: 0, 17: 0, 20: 0, 18: 1, 16: 7, 19: 1, 9: 0}"
136.11100006103516,2.7083032,1.2315164,2.2001,"{13: 0, 12: 0, 11: 0, 10: 0, 8: 0, 6: 0, 7: 0, 14: 0, 15: 0, 17: 0, 20: 0, 18: 1, 16: 5, 19: 0, 9: 0}"
136.61100006103516,2.6947291,1.2486591,2.1823,"{13: 0, 12: 0, 11: 0, 10: 0, 8: 0, 6: 0, 7: 0, 14: 0, 15: 0, 17: 0, 20: 0, 18: 1, 16: 5, 19: 0, 9: 0}"
137.11100006103516,2.6730061,1.2784527,2.1763,"{13: 0, 12: 0, 11: 0, 10: 0, 8: 0, 6: 0, 7: 0, 14: 0, 15: 0, 17: 0, 20: 0, 18: 0, 16: 5, 19: 0, 9: 0}"
137.61100006103516,2.6533954,1.3081491,2.1698,"{13: 0, 12: 0, 11: 0, 10: 0, 8: 0, 6: 0, 7: 0, 14: 0, 15: 0, 17: 0, 20: 0, 18: 0, 16: 6, 19: 0, 9: 0}"
138.11100006103516,2.6322894,1.3372745,2.1481,"{13: 0, 12: 0, 11: 0, 10: 0, 8: 0, 6: 0, 7: 0, 14: 0, 15: 0, 17: 0, 20: 0, 18: 1, 16: 5, 19: 0, 9: 0}"
138.61100006103516,2.6130525,1.368517,2.1427,"{13: 0, 12: 0, 11: 0, 10: 0, 8: 0, 6: 0, 7: 0, 14: 0, 15: 0, 17: 0, 20: 0, 18: 1, 16: 4, 19: 0, 9: 0}"
139.11100006103516,2.594613,1.3985267,2.138,"{13: 0, 12: 0, 11: 0, 10: 0, 8: 0, 6: 0, 7: 0, 14: 0, 15: 0, 17: 0, 20: 0, 18: 1, 16: 2, 19: 0, 9: 0}"
139.61100006103516,2.5748287,1.4291227,2.1211,"{13: 0, 12: 0, 11: 0, 10: 0, 8: 0, 6: 0, 7: 0, 14: 0, 15: 0, 17: 0, 20: 0, 18: 2, 16: 1, 19: 0, 9: 0}"
140.11100006103516,2.5561573,1.4596949,2.1024,"{13: 0, 12: 0, 11: 0, 10: 0, 8: 0, 6: 0, 7: 0, 14: 0, 15: 0, 17: 0, 20: 0, 18: 2, 16: 2, 19: 1, 9: 0}"
140.61100006103516,2.5381268,1.491469,2.0898,"{13: 0, 12: 0, 11: 0, 10: 0, 8: 0, 6: 0, 7: 0, 14: 0, 15: 0, 17: 0, 20: 0, 18: 4, 16: 4, 19: 3, 9: 0}"
141.11100006103516,2.5240788,1.515254,2.0813,"{13: 0, 12: 0, 11: 0, 10: 0, 8: 0, 6: 0, 7: 0, 14: 0, 15: 0, 17: 0, 20: 0, 18: 5, 16: 5, 19: 4, 9: 0}"
141.61100006103516,2.5134779,1.5347632,2.0804,"{13: 0, 12: 0, 11: 0, 10: 0, 8: 0, 6: 0, 7: 0, 14: 0, 15: 0, 17: 0, 20: 0, 18: 7, 16: 7, 19: 7, 9: 0}"
142.11100006103516,2.5030912,1.5535005,2.079,"{13: 0, 12: 0, 11: 0, 10: 0, 8: 0, 6: 0, 7: 0, 14: 0, 15: 0, 17: 0, 20: 0, 18: 8, 16: 8, 19: 8, 9: 0}"
142.61100006103516,2.4928096,1.5715428,2.0756,"{13: 0, 12: 0, 11: 0, 10: 0, 8: 0, 6: 0, 7: 0, 14: 0, 15: 0, 17: 0, 20: 0, 18: 8, 16: 8, 19: 8, 9: 0}"
143.11100006103516,2.4826633,1.5891105,2.0774,"{13: 0, 12: 0, 11: 0, 10: 0, 8: 0, 6: 0, 7: 0, 14: 0, 15: 0, 17: 0, 20: 0, 18: 9, 16: 9, 19: 9, 9: 0}"
143.61100006103516,2.4719257,1.6076537,2.0773,"{13: 0, 12: 0, 11: 0, 10: 0, 8: 0, 6: 0, 7: 0, 14: 0, 15: 0, 17: 0, 20: 0, 18: 8, 16: 8, 19: 8, 9: 0}"
144.11100006103516,2.4637104,1.6227525,2.0755,"{13: 0, 12: 0, 11: 0, 10: 0, 8: 0, 6: 0, 7: 0, 14: 0, 15: 0, 17: 0, 20: 0, 18: 8, 16: 8, 19: 8, 9: 0}"
144.61100006103516,2.4548553,1.6386069,2.0734,"{13: 0, 12: 0, 11: 0, 10: 0, 8: 0, 6: 0, 7: 0, 14: 0, 15: 0, 17: 0, 20: 0, 18: 8, 16: 8, 19: 8, 9: 0}"
145.11100006103516,2.4464753,1.6525194,2.0712,"{13: 0, 12: 0, 11: 0, 10: 0, 8: 0, 6: 0, 7: 0, 14: 0, 15: 0, 17: 0, 20: 0, 18: 8, 16: 8, 19: 8, 9: 0}"
145.61100006103516,2.4375878,1.6683951,2.0744,"{13: 0, 12: 0, 11: 0, 10: 0, 8: 0, 6: 0, 7: 0, 14: 0, 15: 0, 17: 0, 20: 0, 18: 8, 16: 7, 19: 7, 9: 0}"
146.11100006103516,2.4298403,1.6826547,2.0719,"{13: 0, 12: 0, 11: 0, 10: 0, 8: 0, 6: 0, 7: 0, 14: 0, 15: 0, 17: 0, 20: 0, 18: 7, 16: 7, 19: 5, 9: 0}"
146.61100006103516,2.4213136,1.6981145,2.0729,"{13: 0, 12: 0, 11: 0, 10: 0, 8: 0, 6: 0, 7: 0, 14: 0, 15: 0, 17: 0, 20: 0, 18: 6, 16: 7, 19: 4, 9: 0}"
147.11100006103516,2.4075244,1.7227763,2.075,"{13: 0, 12: 0, 11: 0, 10: 0, 8: 0, 6: 0, 7: 0, 14: 0, 15: 0, 17: 0, 20: 0, 18: 4, 16: 7, 19: 2, 9: 0}"
147.61100006103516,2.390551,1.7522324,2.0759,"{13: 0, 12: 0, 11: 0, 10: 0, 8: 0, 6: 0, 7: 0, 14: 0, 15: 0, 17: 0, 20: 0, 18: 4, 16: 8, 19: 3, 9: 0}"
148.11100006103516,2.3745131,1.7818147,2.0766,"{13: 0, 12: 0, 11: 0, 10: 0, 8: 0, 6: 0, 7: 0, 14: 0, 15: 0, 17: 0, 20: 0, 18: 5, 16: 8, 19: 5, 9: 0}"
148.61100006103516,2.3569034,1.8122687,2.0728,"{13: 0, 12: 0, 11: 0, 10: 0, 8: 0, 6: 0, 7: 0, 14: 0, 15: 0, 17: 0, 20: 0, 18: 5, 16: 7, 19: 5, 9: 0}"
149.11100006103516,2.3401527,1.8413917,2.0741,"{13: 0, 12: 0, 11: 0, 10: 0, 8: 0, 6: 0, 7: 0, 14: 0, 15: 0, 17: 0, 20: 0, 18: 7, 16: 7, 19: 6, 9: 0}"
149.61100006103516,2.3240997,1.870928,2.0735,"{13: 0, 12: 0, 11: 0, 10: 0, 8: 0, 6: 0, 7: 0, 14: 0, 15: 0, 17: 0, 20: 0, 18: 5, 16: 5, 19: 4, 9: 0}"
150.11100006103516,2.3079872,1.9003302,2.0726,"{13: 0, 12: 0, 11: 0, 10: 0, 8: 0, 6: 0, 7: 0, 14: 0, 15: 0, 17: 0, 20: 0, 18: 5, 16: 3, 19: 4, 9: 0}"
150.61100006103516,2.2919443,1.9284015,2.0734,"{13: 0, 12: 0, 11: 0, 10: 0, 8: 0, 6: 0, 7: 0, 14: 0, 15: 0, 17: 0, 20: 0, 18: 6, 16: 3, 19: 4, 9: 0}"
151.11100006103516,2.2755997,1.9557989,2.0712,"{13: 0, 12: 0, 11: 0, 10: 0, 8: 0, 6: 0, 7: 0, 14: 0, 15: 0, 17: 0, 20: 0, 18: 7, 16: 2, 19: 5, 9: 0}"
151.61100006103516,2.2592955,1.9853335,2.0737,"{13: 0, 12: 0, 11: 0, 10: 0, 8: 0, 6: 0, 7: 0, 14: 0, 15: 0, 17: 0, 20: 0, 18: 8, 16: 3, 19: 5, 9: 0}"
152.11100006103516,2.2449895,2.010757,2.2056,"{13: 0, 12: 0, 11: 0, 10: 0, 8: 0, 6: 0, 7: 0, 14: 0, 15: 0, 17: 0, 20: 0, 18: 8, 16: 4, 19: 3, 9: 0}"
152.61100006103516,2.2284239,2.0308619,2.3932,"{13: 0, 12: 0, 11: 0, 10: 0, 8: 0, 6: 0, 7: 0, 14: 0, 15: 0, 17: 0, 20: 0, 18: 8, 16: 5, 19: 2, 9: 0}"
153.11100006103516,2.2077189,2.045683,2.5903,"{13: 0, 12: 0, 11: 0, 10: 0, 8: 0, 6: 0, 7: 0, 14: 0, 15: 0, 17: 0, 20: 0, 18: 5, 16: 6, 19: 0, 9: 0}"
153.61100006103516,2.1858201,2.0587411,2.7944,"{13: 0, 12: 0, 11: 0, 10: 0, 8: 0, 6: 0, 7: 0, 14: 0, 15: 0, 17: 0, 20: 0, 18: 4, 16: 7, 19: 0, 9: 0}"
154.11100006103516,2.1600777,2.0639376,2.9874,"{13: 0, 12: 0, 11: 0, 10: 0, 8: 0, 6: 0, 7: 0, 14: 0, 15: 0, 17: 0, 20: 0, 18: 2, 16: 9, 19: 0, 9: 0}"
154.61100006103516,2.1350935,2.0667456,-3.0826,"{13: 0, 12: 0, 11: 0, 10: 0, 8: 0, 6: 0, 7: 0, 14: 0, 15: 0, 17: 0, 20: 0, 18: 0, 16: 9, 19: 0, 9: 0}"
155.11100006103516,2.1101383,2.0655075,-2.9018,"{13: 0, 12: 0, 11: 0, 10: 0, 8: 0, 6: 0, 7: 0, 14: 0, 15: 0, 17: 0, 20: 0, 18: 0, 16: 7, 19: 0, 9: 0}"
155.61100006103516,2.085079,2.0566568,-2.6963,"{13: 1, 12: 0, 11: 0, 10: 0, 8: 0, 6: 0, 7: 0, 14: 0, 15: 0, 17: 0, 20: 0, 18: 0, 16: 5, 19: 0, 9: 0}"
156.11100006103516,2.0622441,2.0445749,-2.4877,"{13: 2, 12: 0, 11: 0, 10: 0, 8: 0, 6: 0, 7: 0, 14: 0, 15: 0, 17: 0, 20: 0, 18: 0, 16: 2, 19: 0, 9: 0}"
156.61100006103516,2.0367269,2.0227899,-2.4764,"{13: 4, 12: 0, 11: 0, 10: 0, 8: 0, 6: 0, 7: 0, 14: 0, 15: 0, 17: 0, 20: 0, 18: 0, 16: 0, 19: 0, 9: 0}"
157.11100006103516,2.0109969,2.001987,-2.48,"{13: 5, 12: 0, 11: 0, 10: 0, 8: 0, 6: 0, 7: 0, 14: 0, 15: 0, 17: 0, 20: 0, 18: 0, 16: 0, 19: 0, 9: 0}"
157.61100006103516,1.9847048,1.9823951,-2.4798,"{13: 7, 12: 0, 11: 0, 10: 0, 8: 0, 6: 0, 7: 0, 14: 0, 15: 0, 17: 0, 20: 0, 18: 0, 16: 0, 19: 0, 9: 0}"
158.11100006103516,1.9577682,1.9613079,-2.4828,"{13: 8, 12: 0, 11: 0, 10: 0, 8: 0, 6: 0, 7: 0, 14: 0, 15: 0, 17: 0, 20: 0, 18: 0, 16: 0, 19: 0, 9: 0}"
158.61100006103516,1.9316188,1.9409455,-2.4803,"{13: 7, 12: 0, 11: 0, 10: 0, 8: 0, 6: 0, 7: 0, 14: 0, 15: 0, 17: 0, 20: 0, 18: 0, 16: 0, 19: 0, 9: 0}"
159.11100006103516,1.9040606,1.9178451,-2.4737,"{13: 6, 12: 0, 11: 0, 10: 0, 8: 0, 6: 0, 7: 0, 14: 0, 15: 0, 17: 0, 20: 0, 18: 0, 16: 0, 19: 0, 9: 0}"
159.61100006103516,1.878761,1.8989488,-2.4788,"{13: 5, 12: 0, 11: 0, 10: 0, 8: 0, 6: 0, 7: 0, 14: 0, 15: 0, 17: 0, 20: 0, 18: 0, 16: 0, 19: 0, 9: 0}"
160.11100006103516,1.8517219,1.8775991,-2.4756,"{13: 4, 12: 0, 11: 0, 10: 0, 8: 0, 6: 0, 7: 0, 14: 0, 15: 0, 17: 0, 20: 0, 18: 0, 16: 0, 19: 0, 9: 0}"
160.61100006103516,1.8253539,1.8568988,-2.4712,"{13: 4, 12: 0, 11: 0, 10: 0, 8: 0, 6: 0, 7: 0, 14: 0, 15: 0, 17: 0, 20: 0, 18: 0, 16: 0, 19: 0, 9: 0}"
161.11100006103516,1.7994611,1.8362498,-2.4733,"{13: 6, 12: 0, 11: 0, 10: 0, 8: 0, 6: 0, 7: 0, 14: 0, 15: 0, 17: 0, 20: 0, 18: 0, 16: 0, 19: 0, 9: 0}"
161.61100006103516,1.7730965,1.8160654,-2.4713,"{13: 6, 12: 0, 11: 0, 10: 0, 8: 0, 6: 0, 7: 0, 14: 0, 15: 0, 17: 0, 20: 0, 18: 0, 16: 0, 19: 0, 9: 0}"
162.11100006103516,1.7469753,1.7948741,-2.4745,"{13: 6, 12: 0, 11: 0, 10: 0, 8: 0, 6: 0, 7: 0, 14: 0, 15: 0, 17: 0, 20: 0, 18: 0, 16: 0, 19: 0, 9: 0}"
162.61100006103516,1.7218756,1.7759661,-2.4188,"{13: 6, 12: 0, 11: 0, 10: 0, 8: 0, 6: 0, 7: 0, 14: 0, 15: 0, 17: 0, 20: 0, 18: 0, 16: 0, 19: 0, 9: 0}"
163.11100006103516,1.6987642,1.7537813,-2.309,"{13: 5, 12: 0, 11: 0, 10: 1, 8: 0, 6: 0, 7: 0, 14: 0, 15: 0, 17: 0, 20: 0, 18: 0, 16: 0, 19: 0, 9: 0}"
163.61100006103516,1.6772685,1.7294786,-2.2086,"{13: 4, 12: 0, 11: 0, 10: 2, 8: 0, 6: 0, 7: 0, 14: 0, 15: 0, 17: 0, 20: 0, 18: 0, 16: 0, 19: 0, 9: 0}"
164.11100006103516,1.6578749,1.7013011,-2.1055,"{13: 3, 12: 0, 11: 0, 10: 3, 8: 0, 6: 0, 7: 0, 14: 0, 15: 0, 17: 0, 20: 0, 18: 0, 16: 0, 19: 0, 9: 1}"
164.61100006103516,1.6427222,1.6737654,-2.0226,"{13: 2, 12: 0, 11: 0, 10: 4, 8: 0, 6: 1, 7: 0, 14: 0, 15: 0, 17: 0, 20: 0, 18: 0, 16: 0, 19: 0, 9: 1}"
165.11100006103516,1.6275064,1.6414524,-1.9454,"{13: 1, 12: 2, 11: 0, 10: 5, 8: 0, 6: 1, 7: 0, 14: 0, 15: 0, 17: 0, 20: 0, 18: 0, 16: 0, 19: 0, 9: 1}"
165.61100006103516,1.6201438,1.6161093,-1.7952,"{13: 0, 12: 4, 11: 0, 10: 5, 8: 0, 6: 1, 7: 0, 14: 0, 15: 0, 17: 0, 20: 0, 18: 0, 16: 0, 19: 0, 9: 1}"
166.11100006103516,1.6158735,1.5906209,-1.5909,"{13: 0, 12: 6, 11: 0, 10: 4, 8: 0, 6: 1, 7: 0, 14: 0, 15: 0, 17: 0, 20: 0, 18: 0, 16: 0, 19: 0, 9: 0}"
166.61100006103516,1.6164809,1.5625439,-1.3795,"{13: 0, 12: 7, 11: 1, 10: 3, 8: 0, 6: 0, 7: 0, 14: 0, 15: 0, 17: 0, 20: 0, 18: 0, 16: 0, 19: 0, 9: 0}"
167.11100006103516,1.6235409,1.5344149,-1.2286,"{13: 0, 12: 5, 11: 1, 10: 1, 8: 0, 6: 0, 7: 0, 14: 2, 15: 0, 17: 0, 20: 0, 18: 0, 16: 0, 19: 0, 9: 0}"
167.61100006103516,1.6357539,1.5023387,-1.1737,"{13: 0, 12: 3, 11: 1, 10: 0, 8: 2, 6: 0, 7: 0, 14: 4, 15: 0, 17: 0, 20: 0, 18: 0, 16: 0, 19: 0, 9: 0}"
168.11100006103516,1.649662,1.4698913,-1.1534,"{13: 0, 12: 1, 11: 1, 10: 0, 8: 3, 6: 0, 7: 0, 14: 5, 15: 0, 17: 0, 20: 0, 18: 0, 16: 0, 19: 0, 9: 0}"
168.61100006103516,1.6656435,1.4366208,-1.1497,"{13: 0, 12: 1, 11: 0, 10: 0, 8: 4, 6: 0, 7: 0, 14: 7, 15: 0, 17: 0, 20: 0, 18: 0, 16: 0, 19: 0, 9: 0}"
169.11100006103516,1.6788864,1.4047603,-1.1507,"{13: 0, 12: 1, 11: 0, 10: 0, 8: 5, 6: 0, 7: 0, 14: 7, 15: 0, 17: 0, 20: 0, 18: 0, 16: 0, 19: 0, 9: 0}"
169.61100006103516,1.6929651,1.3727703,-1.1332,"{13: 0, 12: 2, 11: 0, 10: 0, 8: 3, 6: 0, 7: 0, 14: 7, 15: 0, 17: 0, 20: 0, 18: 0, 16: 0, 19: 0, 9: 0}"
170.11100006103516,1.7082993,1.3398535,-1.127,"{13: 0, 12: 2, 11: 0, 10: 0, 8: 3, 6: 0, 7: 0, 14: 8, 15: 0, 17: 0, 20: 0, 18: 0, 16: 0, 19: 0, 9: 0}"
170.61100006103516,1.7236925,1.3078421,-1.1286,"{13: 0, 12: 1, 11: 0, 10: 0, 8: 4, 6: 0, 7: 0, 14: 8, 15: 0, 17: 0, 20: 0, 18: 0, 16: 0, 19: 0, 9: 0}"
171.11100006103516,1.7407355,1.2757929,-1.129,"{13: 0, 12: 2, 11: 0, 10: 0, 8: 3, 6: 0, 7: 0, 14: 8, 15: 0, 17: 0, 20: 0, 18: 0, 16: 0, 19: 0, 9: 0}"
171.61100006103516,1.7563693,1.2439269,-1.1241,"{13: 0, 12: 1, 11: 0, 10: 0, 8: 5, 6: 0, 7: 0, 14: 8, 15: 0, 17: 0, 20: 0, 18: 0, 16: 0, 19: 0, 9: 0}"
172.11100006103516,1.7719877,1.2114546,-1.1229,"{13: 0, 12: 1, 11: 0, 10: 0, 8: 6, 6: 0, 7: 0, 14: 8, 15: 0, 17: 0, 20: 0, 18: 0, 16: 0, 19: 0, 9: 0}"
172.61100006103516,1.7876324,1.1791745,-1.1099,"{13: 0, 12: 2, 11: 0, 10: 0, 8: 4, 6: 0, 7: 1, 14: 8, 15: 0, 17: 0, 20: 0, 18: 0, 16: 0, 19: 0, 9: 0}"
173.11100006103516,1.804336,1.1469702,-1.1104,"{13: 0, 12: 1, 11: 0, 10: 0, 8: 4, 6: 0, 7: 2, 14: 8, 15: 0, 17: 0, 20: 0, 18: 0, 16: 0, 19: 0, 9: 0}"
173.61100006103516,1.8199057,1.1156336,-1.112,"{13: 0, 12: 1, 11: 0, 10: 0, 8: 2, 6: 0, 7: 3, 14: 7, 15: 0, 17: 0, 20: 0, 18: 0, 16: 0, 19: 0, 9: 0}"
174.11100006103516,1.8362943,1.0823217,-1.1004,"{13: 0, 12: 2, 11: 2, 10: 0, 8: 3, 6: 0, 7: 5, 14: 7, 15: 0, 17: 0, 20: 0, 18: 0, 16: 0, 19: 0, 9: 0}"
174.61100006103516,1.8530003,1.0505207,-1.1011,"{13: 0, 12: 1, 11: 2, 10: 0, 8: 4, 6: 0, 7: 4, 14: 7, 15: 0, 17: 0, 20: 0, 18: 0, 16: 0, 19: 0, 9: 0}"
175.11100006103516,1.870408,1.0173646,-1.0994,"{13: 0, 12: 1, 11: 2, 10: 0, 8: 5, 6: 0, 7: 4, 14: 7, 15: 0, 17: 0, 20: 0, 18: 0, 16: 0, 19: 0, 9: 0}"
175.61100006103516,1.8867379,0.9869252,-1.0815,"{13: 0, 12: 1, 11: 2, 10: 0, 8: 6, 6: 0, 7: 4, 14: 8, 15: 0, 17: 0, 20: 0, 18: 0, 16: 0, 19: 0, 9: 0}"
176.11100006103516,1.9030287,0.9554902,-1.0887,"{13: 0, 12: 0, 11: 0, 10: 0, 8: 3, 6: 0, 7: 2, 14: 8, 15: 0, 17: 0, 20: 0, 18: 0, 16: 0, 19: 0, 9: 0}"
176.61100006103516,1.9195263,0.923324,-1.0722,"{13: 0, 12: 0, 11: 0, 10: 0, 8: 3, 6: 0, 7: 2, 14: 8, 15: 0, 17: 0, 20: 0, 18: 0, 16: 0, 19: 0, 9: 0}"
177.11100006103516,1.9372125,0.8934419,-1.0725,"{13: 0, 12: 0, 11: 0, 10: 0, 8: 2, 6: 0, 7: 2, 14: 6, 15: 0, 17: 0, 20: 0, 18: 0, 16: 0, 19: 0, 9: 0}"
177.61100006103516,1.9544103,0.8642587,-1.0948,"{13: 0, 12: 0, 11: 0, 10: 0, 8: 1, 6: 0, 7: 2, 14: 4, 15: 0, 17: 0, 20: 0, 18: 0, 16: 0, 19: 0, 9: 0}"
178.11100006103516,1.9624726,0.8496626,-1.2443,"{13: 0, 12: 0, 11: 0, 10: 0, 8: 1, 6: 0, 7: 2, 14: 2, 15: 0, 17: 0, 20: 0, 18: 0, 16: 0, 19: 0, 9: 0}"
178.61100006103516,1.968353,0.8325151,-1.39,"{13: 0, 12: 0, 11: 0, 10: 0, 8: 2, 6: 0, 7: 2, 14: 0, 15: 0, 17: 0, 20: 0, 18: 0, 16: 0, 19: 0, 9: 0}"
179.11100006103516,1.9708303,0.8118507,-1.4903,"{13: 0, 12: 1, 11: 0, 10: 0, 8: 3, 6: 0, 7: 1, 14: 0, 15: 0, 17: 0, 20: 0, 18: 0, 16: 0, 19: 0, 9: 0}"
179.61100006103516,1.9731997,0.791654,-1.6027,"{13: 0, 12: 1, 11: 0, 10: 0, 8: 3, 6: 0, 7: 0, 14: 0, 15: 0, 17: 0, 20: 0, 18: 0, 16: 0, 19: 0, 9: 1}"
180.11100006103516,1.9714434,0.7713939,-1.6945,"{13: 0, 12: 1, 11: 0, 10: 0, 8: 3, 6: 0, 7: 0, 14: 0, 15: 0, 17: 0, 20: 0, 18: 0, 16: 0, 19: 0, 9: 2}"
180.61100006103516,1.9690026,0.7446862,-1.6973,"{13: 0, 12: 1, 11: 0, 10: 0, 8: 1, 6: 0, 7: 0, 14: 0, 15: 0, 17: 0, 20: 0, 18: 0, 16: 0, 19: 0, 9: 3}"
181.11100006103516,1.9658267,0.717915,-1.6974,"{13: 0, 12: 0, 11: 0, 10: 0, 8: 0, 6: 0, 7: 0, 14: 0, 15: 0, 17: 0, 20: 0, 18: 0, 16: 0, 19: 0, 9: 5}"
181.61100006103516,1.9630642,0.6953415,-1.6976,"{13: 0, 12: 0, 11: 0, 10: 0, 8: 0, 6: 0, 7: 0, 14: 0, 15: 0, 17: 0, 20: 0, 18: 0, 16: 0, 19: 0, 9: 5}"
182.11100006103516,1.9603306,0.6734691,-1.6937,"{13: 0, 12: 1, 11: 0, 10: 0, 8: 0, 6: 0, 7: 0, 14: 0, 15: 0, 17: 0, 20: 0, 18: 0, 16: 0, 19: 0, 9: 4}"
182.61100006103516,1.9580747,0.6523675,-1.6952,"{13: 0, 12: 2, 11: 0, 10: 0, 8: 0, 6: 0, 7: 0, 14: 0, 15: 0, 17: 0, 20: 0, 18: 0, 16: 0, 19: 0, 9: 4}"
183.11100006103516,1.955334,0.630026,-1.6929,"{13: 0, 12: 2, 11: 0, 10: 0, 8: 1, 6: 0, 7: 0, 14: 0, 15: 0, 17: 0, 20: 0, 18: 0, 16: 0, 19: 0, 9: 3}"
183.61100006103516,1.9528179,0.6079238,-1.6931,"{13: 0, 12: 4, 11: 0, 10: 0, 8: 2, 6: 0, 7: 0, 14: 0, 15: 0, 17: 0, 20: 0, 18: 0, 16: 0, 19: 0, 9: 4}"
184.11100006103516,1.9499411,0.5866142,-1.6918,"{13: 0, 12: 5, 11: 0, 10: 0, 8: 4, 6: 0, 7: 1, 14: 0, 15: 0, 17: 0, 20: 0, 18: 0, 16: 0, 19: 0, 9: 6}"
184.61100006103516,1.9467224,0.5645157,-1.6875,"{13: 0, 12: 6, 11: 0, 10: 1, 8: 6, 6: 0, 7: 2, 14: 0, 15: 0, 17: 0, 20: 0, 18: 0, 16: 0, 19: 0, 9: 7}"
185.11100006103516,1.944303,0.543563,-1.6883,"{13: 0, 12: 6, 11: 0, 10: 1, 8: 5, 6: 0, 7: 2, 14: 0, 15: 0, 17: 0, 20: 0, 18: 0, 16: 0, 19: 0, 9: 8}"
185.61100006103516,1.9421453,0.5226942,-1.692,"{13: 0, 12: 4, 11: 0, 10: 1, 8: 4, 6: 0, 7: 2, 14: 0, 15: 0, 17: 0, 20: 0, 18: 0, 16: 0, 19: 0, 9: 7}"
186.11100006103516,1.9404306,0.5047432,-1.6948,"{13: 0, 12: 2, 11: 0, 10: 1, 8: 2, 6: 0, 7: 1, 14: 0, 15: 0, 17: 0, 20: 0, 18: 0, 16: 0, 19: 0, 9: 6}"
186.61100006103516,1.9383782,0.4879783,-1.6911,"{13: 0, 12: 0, 11: 0, 10: 0, 8: 0, 6: 0, 7: 0, 14: 0, 15: 0, 17: 0, 20: 0, 18: 0, 16: 0, 19: 0, 9: 6}"
187.11100006103516,1.936831,0.4726848,-1.6936,"{13: 0, 12: 2, 11: 0, 10: 0, 8: 0, 6: 0, 7: 0, 14: 0, 15: 0, 17: 0, 20: 0, 18: 0, 16: 0, 19: 0, 9: 4}"
187.61100006103516,1.9348141,0.4563603,-1.6909,"{13: 0, 12: 4, 11: 0, 10: 0, 8: 0, 6: 0, 7: 0, 14: 0, 15: 0, 17: 0, 20: 0, 18: 0, 16: 0, 19: 0, 9: 3}"
188.11100006103516,1.9335459,0.4403875,-1.6968,"{13: 0, 12: 6, 11: 0, 10: 0, 8: 0, 6: 0, 7: 0, 14: 0, 15: 0, 17: 0, 20: 0, 18: 0, 16: 0, 19: 0, 9: 2}"
188.61100006103516,1.9303543,0.408112,-1.6965,"{13: 0, 12: 7, 11: 0, 10: 0, 8: 1, 6: 0, 7: 1, 14: 0, 15: 0, 17: 0, 20: 0, 18: 0, 16: 0, 19: 0, 9: 0}"
189.11100006103516,1.9269657,0.3748407,-1.697,"{13: 0, 12: 6, 11: 0, 10: 1, 8: 1, 6: 0, 7: 3, 14: 0, 15: 0, 17: 0, 20: 0, 18: 0, 16: 0, 19: 0, 9: 0}"
189.61100006103516,1.9230972,0.3415613,-1.6929,"{13: 0, 12: 5, 11: 0, 10: 2, 8: 1, 6: 0, 7: 5, 14: 0, 15: 0, 17: 0, 20: 0, 18: 0, 16: 0, 19: 0, 9: 0}"
190.11100006103516,1.9190516,0.3080072,-1.7481,"{13: 0, 12: 4, 11: 0, 10: 2, 8: 1, 6: 0, 7: 7, 14: 0, 15: 0, 17: 0, 20: 0, 18: 0, 16: 0, 19: 0, 9: 0}"
190.61100006103516,1.9121814,0.2746744,-1.7832,"{13: 0, 12: 6, 11: 0, 10: 2, 8: 1, 6: 0, 7: 6, 14: 0, 15: 0, 17: 0, 20: 0, 18: 0, 16: 0, 19: 0, 9: 1}"
191.11100006103516,1.9057291,0.2385237,-1.8054,"{13: 0, 12: 7, 11: 0, 10: 1, 8: 2, 6: 0, 7: 5, 14: 0, 15: 0, 17: 0, 20: 0, 18: 0, 16: 0, 19: 0, 9: 1}"
191.61100006103516,1.8965911,0.2030264,-1.8035,"{13: 0, 12: 6, 11: 0, 10: 0, 8: 3, 6: 0, 7: 4, 14: 0, 15: 0, 17: 0, 20: 0, 18: 0, 16: 0, 19: 0, 9: 2}"
192.11100006103516,1.8873392,0.1674824,-1.7942,"{13: 0, 12: 6, 11: 0, 10: 1, 8: 4, 6: 0, 7: 3, 14: 0, 15: 0, 17: 0, 20: 0, 18: 0, 16: 0, 19: 0, 9: 2}"
192.61100006103516,1.8786432,0.1318582,-1.7833,"{13: 0, 12: 3, 11: 0, 10: 2, 8: 4, 6: 0, 7: 3, 14: 0, 15: 0, 17: 0, 20: 0, 18: 0, 16: 0, 19: 0, 9: 2}"
193.11100006103516,1.871991,0.095824,-1.7952,"{13: 0, 12: 1, 11: 0, 10: 2, 8: 4, 6: 0, 7: 2, 14: 0, 15: 0, 17: 0, 20: 0, 18: 0, 16: 0, 19: 0, 9: 2}"
193.61100006103516,1.8660061,0.0654642,-1.8838,"{13: 0, 12: 1, 11: 0, 10: 2, 8: 4, 6: 0, 7: 1, 14: 0, 15: 0, 17: 0, 20: 0, 18: 0, 16: 0, 19: 0, 9: 2}"
194.11100006103516,1.856522,0.0420588,-2.0826,"{13: 0, 12: 0, 11: 0, 10: 4, 8: 3, 6: 0, 7: 0, 14: 0, 15: 0, 17: 0, 20: 0, 18: 0, 16: 0, 19: 0, 9: 4}"
194.61100006103516,1.8425349,0.0186674,-2.2383,"{13: 0, 12: 0, 11: 0, 10: 5, 8: 2, 6: 0, 7: 0, 14: 0, 15: 0, 17: 0, 20: 0, 18: 0, 16: 0, 19: 0, 9: 4}"
195.11100006103516,1.82385,-0.0048742,-2.3515,"{13: 0, 12: 0, 11: 0, 10: 7, 8: 1, 6: 0, 7: 0, 14: 0, 15: 0, 17: 0, 20: 0, 18: 0, 16: 0, 19: 0, 9: 5}"
195.61100006103516,1.7999615,-0.0271163,-2.4609,"{13: 0, 12: 0, 11: 0, 10: 9, 8: 0, 6: 0, 7: 0, 14: 0, 15: 0, 17: 0, 20: 0, 18: 0, 16: 0, 19: 0, 9: 4}"
196.11100006103516,1.7733497,-0.0483728,-2.5301,"{13: 0, 12: 0, 11: 0, 10: 8, 8: 0, 6: 0, 7: 0, 14: 0, 15: 0, 17: 0, 20: 0, 18: 0, 16: 0, 19: 0, 9: 2}"
196.61100006103516,1.7462326,-0.0675922,-2.5299,"{13: 0, 12: 0, 11: 0, 10: 8, 8: 0, 6: 0, 7: 0, 14: 0, 15: 0, 17: 0, 20: 0, 18: 0, 16: 0, 19: 0, 9: 1}"
197.11100006103516,1.7185392,-0.0865769,-2.5265,"{13: 0, 12: 0, 11: 0, 10: 8, 8: 0, 6: 0, 7: 0, 14: 0, 15: 0, 17: 0, 20: 0, 18: 0, 16: 0, 19: 0, 9: 0}"
197.61100006103516,1.6916025,-0.1062873,-2.5276,"{13: 0, 12: 0, 11: 0, 10: 8, 8: 0, 6: 0, 7: 0, 14: 0, 15: 0, 17: 0, 20: 0, 18: 0, 16: 0, 19: 0, 9: 0}"
198.11100006103516,1.6638495,-0.1263271,-2.5256,"{13: 0, 12: 0, 11: 0, 10: 8, 8: 0, 6: 0, 7: 0, 14: 0, 15: 0, 17: 0, 20: 0, 18: 0, 16: 0, 19: 0, 9: 0}"
198.61100006103516,1.6368891,-0.1458387,-2.5284,"{13: 0, 12: 0, 11: 0, 10: 9, 8: 0, 6: 0, 7: 0, 14: 0, 15: 0, 17: 0, 20: 0, 18: 0, 16: 0, 19: 0, 9: 0}"
199.11100006103516,1.6091388,-0.1660345,-2.5293,"{13: 0, 12: 0, 11: 0, 10: 9, 8: 0, 6: 0, 7: 0, 14: 0, 15: 0, 17: 0, 20: 0, 18: 0, 16: 0, 19: 0, 9: 0}"
199.61100006103516,1.5815167,-0.185978,-2.5295,"{13: 0, 12: 0, 11: 0, 10: 9, 8: 0, 6: 0, 7: 0, 14: 0, 15: 0, 17: 0, 20: 0, 18: 0, 16: 0, 19: 0, 9: 0}"
200.11100006103516,1.5537676,-0.2052952,-2.5296,"{13: 0, 12: 0, 11: 0, 10: 9, 8: 0, 6: 0, 7: 0, 14: 0, 15: 0, 17: 0, 20: 0, 18: 0, 16: 0, 19: 0, 9: 0}"
200.61100006103516,1.5266579,-0.2249355,-2.5275,"{13: 0, 12: 0, 11: 0, 10: 8, 8: 0, 6: 0, 7: 0, 14: 0, 15: 0, 17: 0, 20: 0, 18: 0, 16: 0, 19: 0, 9: 0}"
201.11100006103516,1.4994172,-0.2443653,-2.5283,"{13: 0, 12: 0, 11: 0, 10: 8, 8: 0, 6: 0, 7: 0, 14: 0, 15: 0, 17: 0, 20: 0, 18: 0, 16: 0, 19: 0, 9: 0}"
201.61100006103516,1.4759282,-0.2625965,-2.4417,"{13: 0, 12: 0, 11: 0, 10: 8, 8: 0, 6: 0, 7: 0, 14: 0, 15: 0, 17: 0, 20: 0, 18: 0, 16: 0, 19: 0, 9: 0}"
202.11100006103516,1.4492753,-0.2852741,-2.4364,"{13: 0, 12: 0, 11: 0, 10: 9, 8: 0, 6: 0, 7: 0, 14: 0, 15: 0, 17: 0, 20: 0, 18: 0, 16: 0, 19: 0, 9: 0}"
202.61100006103516,1.4267048,-0.3062313,-2.362,"{13: 0, 12: 0, 11: 0, 10: 8, 8: 0, 6: 0, 7: 0, 14: 0, 15: 0, 17: 0, 20: 0, 18: 0, 16: 0, 19: 0, 9: 0}"
203.11100006103516,1.4041831,-0.3293786,-2.3512,"{13: 0, 12: 0, 11: 0, 10: 8, 8: 0, 6: 0, 7: 0, 14: 0, 15: 0, 17: 0, 20: 0, 18: 0, 16: 0, 19: 0, 9: 0}"
203.61100006103516,1.3825347,-0.3507272,-2.2621,"{13: 0, 12: 0, 11: 0, 10: 7, 8: 0, 6: 1, 7: 0, 14: 0, 15: 0, 17: 0, 20: 0, 18: 0, 16: 0, 19: 0, 9: 0}"
204.11100006103516,1.3619234,-0.3772814,-2.2181,"{13: 0, 12: 0, 11: 0, 10: 5, 8: 0, 6: 2, 7: 0, 14: 0, 15: 0, 17: 0, 20: 0, 18: 0, 16: 0, 19: 0, 9: 0}"
204.61100006103516,1.3444432,-0.4023115,-2.1861,"{13: 0, 12: 0, 11: 0, 10: 4, 8: 0, 6: 2, 7: 0, 14: 0, 15: 0, 17: 0, 20: 0, 18: 0, 16: 0, 19: 0, 9: 2}"
205.11100006103516,1.3253683,-0.4303892,-2.1715,"{13: 0, 12: 0, 11: 0, 10: 3, 8: 0, 6: 2, 7: 0, 14: 0, 15: 0, 17: 0, 20: 0, 18: 0, 16: 0, 19: 0, 9: 4}"
205.61100006103516,1.3090392,-0.4570907,-2.098,"{13: 0, 12: 0, 11: 0, 10: 4, 8: 0, 6: 2, 7: 0, 14: 0, 15: 0, 17: 0, 20: 0, 18: 0, 16: 0, 19: 0, 9: 5}"
206.11100006103516,1.2935993,-0.4841928,-2.0295,"{13: 0, 12: 0, 11: 0, 10: 5, 8: 0, 6: 2, 7: 0, 14: 0, 15: 0, 17: 0, 20: 0, 18: 0, 16: 0, 19: 0, 9: 6}"
206.61100006103516,1.2788968,-0.5132917,-2.005,"{13: 0, 12: 0, 11: 0, 10: 5, 8: 0, 6: 2, 7: 0, 14: 0, 15: 0, 17: 0, 20: 0, 18: 0, 16: 0, 19: 0, 9: 7}"
207.11100006103516,1.2674708,-0.5421845,-1.9386,"{13: 0, 12: 0, 11: 0, 10: 4, 8: 0, 6: 3, 7: 0, 14: 0, 15: 0, 17: 0, 20: 0, 18: 0, 16: 0, 19: 0, 9: 6}"
207.61100006103516,1.2558275,-0.573373,-1.9245,"{13: 0, 12: 0, 11: 0, 10: 2, 8: 0, 6: 3, 7: 0, 14: 0, 15: 0, 17: 0, 20: 0, 18: 0, 16: 0, 19: 0, 9: 7}"
208.11100006103516,1.2452156,-0.6032091,-1.852,"{13: 0, 12: 0, 11: 0, 10: 0, 8: 0, 6: 2, 7: 0, 14: 0, 15: 0, 17: 0, 20: 0, 18: 0, 16: 0, 19: 0, 9: 8}"
208.61100006103516,1.2371468,-0.6359139,-1.8475,"{13: 0, 12: 0, 11: 0, 10: 0, 8: 0, 6: 2, 7: 0, 14: 0, 15: 0, 17: 0, 20: 0, 18: 0, 16: 0, 19: 0, 9: 7}"
209.11100006103516,1.2303565,-0.6647184,-1.7638,"{13: 0, 12: 0, 11: 0, 10: 1, 8: 0, 6: 1, 7: 0, 14: 0, 15: 0, 17: 0, 20: 0, 18: 0, 16: 0, 19: 0, 9: 8}"
209.61100006103516,1.22363,-0.6979581,-1.7542,"{13: 0, 12: 0, 11: 0, 10: 1, 8: 0, 6: 0, 7: 0, 14: 0, 15: 0, 17: 0, 20: 0, 18: 0, 16: 0, 19: 0, 9: 8}"
210.11100006103516,1.2186522,-0.7306072,-1.6934,"{13: 0, 12: 0, 11: 0, 10: 1, 8: 0, 6: 0, 7: 0, 14: 0, 15: 0, 17: 0, 20: 0, 18: 0, 16: 0, 19: 0, 9: 8}"
210.61100006103516,1.2158218,-0.7613412,-1.6218,"{13: 0, 12: 0, 11: 0, 10: 1, 8: 0, 6: 0, 7: 1, 14: 0, 15: 0, 17: 0, 20: 0, 18: 0, 16: 0, 19: 0, 9: 7}"
211.11100006103516,1.2138467,-0.7946841,-1.6014,"{13: 0, 12: 0, 11: 0, 10: 0, 8: 2, 6: 0, 7: 3, 14: 0, 15: 0, 17: 0, 20: 0, 18: 0, 16: 0, 19: 0, 9: 5}"
211.61100006103516,1.21422,-0.8276132,-1.5646,"{13: 0, 12: 0, 11: 0, 10: 0, 8: 2, 6: 0, 7: 4, 14: 0, 15: 0, 17: 0, 20: 0, 18: 0, 16: 0, 19: 0, 9: 3}"
212.11100006103516,1.2138063,-0.8619757,-1.5052,"{13: 0, 12: 0, 11: 0, 10: 0, 8: 3, 6: 0, 7: 5, 14: 0, 15: 0, 17: 0, 20: 0, 18: 0, 16: 0, 19: 0, 9: 2}"
212.61100006103516,1.2168342,-0.8953947,-1.4851,"{13: 0, 12: 0, 11: 0, 10: 0, 8: 4, 6: 0, 7: 5, 14: 0, 15: 0, 17: 0, 20: 0, 18: 0, 16: 0, 19: 0, 9: 1}"
213.11100006103516,1.2206047,-0.9289489,-1.4334,"{13: 0, 12: 0, 11: 0, 10: 0, 8: 4, 6: 0, 7: 4, 14: 0, 15: 0, 17: 0, 20: 0, 18: 0, 16: 0, 19: 0, 9: 1}"
213.61100006103516,1.2256797,-0.9649838,-1.4156,"{13: 0, 12: 0, 11: 0, 10: 0, 8: 4, 6: 0, 7: 4, 14: 0, 15: 0, 17: 0, 20: 0, 18: 0, 16: 0, 19: 0, 9: 2}"
214.11100006103516,1.2326708,-1.0000644,-1.4059,"{13: 0, 12: 0, 11: 0, 10: 0, 8: 4, 6: 0, 7: 3, 14: 0, 15: 0, 17: 0, 20: 0, 18: 0, 16: 0, 19: 0, 9: 1}"
214.61100006103516,1.2387157,-1.034295,-1.4127,"{13: 0, 12: 0, 11: 0, 10: 0, 8: 3, 6: 1, 7: 3, 14: 0, 15: 0, 17: 0, 20: 0, 18: 0, 16: 0, 19: 0, 9: 1}"
215.11100006103516,1.2429213,-1.0585717,-1.2876,"{13: 0, 12: 0, 11: 0, 10: 0, 8: 2, 6: 2, 7: 2, 14: 0, 15: 0, 17: 0, 20: 0, 18: 0, 16: 0, 19: 0, 9: 1}"
215.61100006103516,1.2517447,-1.0828063,-1.1953,"{13: 0, 12: 0, 11: 0, 10: 0, 8: 3, 6: 2, 7: 2, 14: 0, 15: 0, 17: 0, 20: 0, 18: 0, 16: 0, 19: 0, 9: 1}"
216.11100006103516,1.2606158,-1.1058975,-1.1454,"{13: 0, 12: 0, 11: 0, 10: 0, 8: 3, 6: 2, 7: 2, 14: 0, 15: 0, 17: 0, 20: 0, 18: 0, 16: 0, 19: 0, 9: 1}"
216.61100006103516,1.2715281,-1.1298301,-1.1398,"{13: 0, 12: 0, 11: 0, 10: 0, 8: 5, 6: 1, 7: 3, 14: 0, 15: 0, 17: 0, 20: 0, 18: 0, 16: 0, 19: 0, 9: 1}"
217.11100006103516,1.2827139,-1.1532073,-1.1432,"{13: 0, 12: 0, 11: 0, 10: 0, 8: 6, 6: 0, 7: 5, 14: 0, 15: 0, 17: 0, 20: 0, 18: 0, 16: 0, 19: 0, 9: 1}"
217.61100006103516,1.2930331,-1.1755519,-1.1439,"{13: 0, 12: 0, 11: 0, 10: 0, 8: 7, 6: 0, 7: 7, 14: 0, 15: 0, 17: 0, 20: 0, 18: 0, 16: 0, 19: 0, 9: 0}"
218.11100006103516,1.3034276,-1.1985527,-1.1443,"{13: 0, 12: 0, 11: 0, 10: 0, 8: 8, 6: 0, 7: 8, 14: 0, 15: 0, 17: 0, 20: 0, 18: 0, 16: 0, 19: 0, 9: 0}"
218.61100006103516,1.3139062,-1.2205575,-1.1468,"{13: 0, 12: 0, 11: 0, 10: 0, 8: 8, 6: 0, 7: 8, 14: 0, 15: 0, 17: 0, 20: 0, 18: 0, 16: 0, 19: 0, 9: 0}"
219.11100006103516,1.3238816,-1.2426377,-1.1472,"{13: 0, 12: 0, 11: 0, 10: 0, 8: 8, 6: 0, 7: 6, 14: 0, 15: 0, 17: 0, 20: 0, 18: 0, 16: 0, 19: 0, 9: 0}"
219.61100006103516,1.3325606,-1.2604486,-1.1447,"{13: 0, 12: 0, 11: 0, 10: 0, 8: 8, 6: 0, 7: 3, 14: 0, 15: 0, 17: 0, 20: 0, 18: 0, 16: 0, 19: 0, 9: 0}"
220.11100006103516,1.3412512,-1.2794042,-1.1456,"{13: 0, 12: 0, 11: 0, 10: 0, 8: 8, 6: 0, 7: 2, 14: 0, 15: 0, 17: 0, 20: 0, 18: 0, 16: 0, 19: 0, 9: 0}"
220.61100006103516,1.3499064,-1.298664,-1.148,"{13: 0, 12: 0, 11: 0, 10: 0, 8: 8, 6: 0, 7: 0, 14: 0, 15: 0, 17: 0, 20: 0, 18: 0, 16: 0, 19: 0, 9: 0}"
221.11100006103516,1.3589658,-1.318417,-1.1472,"{13: 0, 12: 0, 11: 0, 10: 0, 8: 8, 6: 0, 7: 1, 14: 0, 15: 0, 17: 0, 20: 0, 18: 0, 16: 0, 19: 0, 9: 0}"
221.61100006103516,1.3687417,-1.3377641,-1.1534,"{13: 0, 12: 0, 11: 0, 10: 0, 8: 8, 6: 0, 7: 3, 14: 0, 15: 0, 17: 0, 20: 0, 18: 0, 16: 0, 19: 0, 9: 0}"
222.11100006103516,1.3774647,-1.356029,-1.153,"{13: 0, 12: 0, 11: 0, 10: 0, 8: 8, 6: 0, 7: 5, 14: 0, 15: 0, 17: 0, 20: 0, 18: 0, 16: 0, 19: 0, 9: 0}"
222.61100006103516,1.3867757,-1.3761848,-1.1522,"{13: 0, 12: 0, 11: 0, 10: 0, 8: 8, 6: 0, 7: 7, 14: 0, 15: 0, 17: 0, 20: 0, 18: 0, 16: 0, 19: 0, 9: 0}"
223.11100006103516,1.3967515,-1.3988301,-1.2192,"{13: 0, 12: 0, 11: 0, 10: 0, 8: 8, 6: 0, 7: 8, 14: 0, 15: 0, 17: 0, 20: 0, 18: 0, 16: 0, 19: 0, 9: 0}"
223.61100006103516,1.4034217,-1.4172279,-1.2179,"{13: 0, 12: 0, 11: 0, 10: 0, 8: 8, 6: 0, 7: 8, 14: 0, 15: 0, 17: 0, 20: 0, 18: 0, 16: 0, 19: 0, 9: 0}"
224.11100006103516,1.4119077,-1.4402413,-1.277,"{13: 0, 12: 0, 11: 0, 10: 0, 8: 9, 6: 0, 7: 9, 14: 0, 15: 0, 17: 0, 20: 0, 18: 0, 16: 0, 19: 0, 9: 2}"
224.61100006103516,1.4200465,-1.4649183,-1.3055,"{13: 0, 12: 0, 11: 0, 10: 0, 8: 8, 6: 0, 7: 8, 14: 0, 15: 0, 17: 0, 20: 0, 18: 0, 16: 0, 19: 0, 9: 3}"
225.11100006103516,1.4260741,-1.4892802,-1.3781,"{13: 0, 12: 0, 11: 0, 10: 0, 8: 7, 6: 0, 7: 7, 14: 0, 15: 0, 17: 0, 20: 0, 18: 0, 16: 0, 19: 0, 9: 3}"
225.61100006103516,1.4296674,-1.5005846,-1.48,"{13: 0, 12: 0, 11: 0, 10: 0, 8: 7, 6: 0, 7: 6, 14: 0, 15: 0, 17: 0, 20: 0, 18: 0, 16: 0, 19: 0, 9: 4}"
226.11100006103516,1.4302834,-1.5135024,-1.5795,"{13: 0, 12: 0, 11: 0, 10: 0, 8: 5, 6: 0, 7: 3, 14: 0, 15: 0, 17: 0, 20: 0, 18: 0, 16: 0, 19: 0, 9: 3}"
226.61100006103516,1.4308866,-1.5266881,-1.6821,"{13: 0, 12: 0, 11: 0, 10: 0, 8: 5, 6: 0, 7: 2, 14: 0, 15: 0, 17: 0, 20: 0, 18: 0, 16: 0, 19: 0, 9: 3}"
227.11100006103516,1.4302225,-1.5363738,-1.7653,"{13: 0, 12: 0, 11: 0, 10: 0, 8: 4, 6: 0, 7: 1, 14: 0, 15: 0, 17: 0, 20: 0, 18: 0, 16: 0, 19: 0, 9: 5}"
227.61100006103516,1.4281723,-1.5464931,-1.8449,"{13: 0, 12: 0, 11: 0, 10: 0, 8: 2, 6: 0, 7: 0, 14: 0, 15: 0, 17: 0, 20: 0, 18: 0, 16: 0, 19: 0, 9: 5}"
228.11100006103516,1.4254972,-1.5564865,-1.93,"{13: 0, 12: 0, 11: 0, 10: 0, 8: 1, 6: 0, 7: 0, 14: 0, 15: 0, 17: 0, 20: 0, 18: 0, 16: 0, 19: 0, 9: 6}"
228.61100006103516,1.422356,-1.5657638,-1.988,"{13: 0, 12: 0, 11: 0, 10: 0, 8: 0, 6: 0, 7: 0, 14: 0, 15: 0, 17: 0, 20: 0, 18: 0, 16: 0, 19: 0, 9: 8}"
229.11100006103516,1.4158823,-1.5819092,-1.9962,"{13: 0, 12: 0, 11: 0, 10: 0, 8: 0, 6: 0, 7: 0, 14: 0, 15: 0, 17: 0, 20: 0, 18: 0, 16: 0, 19: 0, 9: 8}"
229.61100006103516,1.4088228,-1.5972314,-1.9903,"{13: 0, 12: 0, 11: 0, 10: 0, 8: 0, 6: 0, 7: 0, 14: 0, 15: 0, 17: 0, 20: 0, 18: 0, 16: 0, 19: 0, 9: 9}"
230.11100006103516,1.4026023,-1.6123816,-1.9945,"{13: 0, 12: 0, 11: 0, 10: 0, 8: 0, 6: 0, 7: 0, 14: 0, 15: 0, 17: 0, 20: 0, 18: 0, 16: 0, 19: 0, 9: 9}"
230.61100006103516,1.3965645,-1.6255721,-1.9908,"{13: 0, 12: 0, 11: 0, 10: 0, 8: 0, 6: 0, 7: 0, 14: 0, 15: 0, 17: 0, 20: 0, 18: 0, 16: 0, 19: 0, 9: 8}"
231.11100006103516,1.3916043,-1.6366225,-1.9919,"{13: 0, 12: 0, 11: 0, 10: 0, 8: 0, 6: 0, 7: 0, 14: 0, 15: 0, 17: 0, 20: 0, 18: 0, 16: 0, 19: 0, 9: 8}"
231.61100006103516,1.3867788,-1.648157,-1.9913,"{13: 0, 12: 0, 11: 0, 10: 0, 8: 0, 6: 0, 7: 0, 14: 0, 15: 0, 17: 0, 20: 0, 18: 0, 16: 0, 19: 0, 9: 8}"
232.11100006103516,1.381573,-1.6597626,-1.9916,"{13: 0, 12: 0, 11: 0, 10: 0, 8: 0, 6: 0, 7: 0, 14: 0, 15: 0, 17: 0, 20: 0, 18: 0, 16: 0, 19: 0, 9: 8}"
232.61100006103516,1.3768798,-1.6711702,-1.9922,"{13: 0, 12: 0, 11: 0, 10: 0, 8: 0, 6: 0, 7: 0, 14: 0, 15: 0, 17: 0, 20: 0, 18: 0, 16: 0, 19: 0, 9: 9}"
233.11100006103516,1.3719337,-1.681723,-1.9549,"{13: 0, 12: 0, 11: 0, 10: 0, 8: 0, 6: 0, 7: 0, 14: 0, 15: 0, 17: 0, 20: 0, 18: 0, 16: 0, 19: 0, 9: 9}"
233.61100006103516,1.3690507,-1.6893296,-1.896,"{13: 0, 12: 0, 11: 0, 10: 0, 8: 0, 6: 0, 7: 0, 14: 0, 15: 0, 17: 0, 20: 0, 18: 0, 16: 0, 19: 0, 9: 9}"
234.11100006103516,1.365807,-1.6984113,-1.8249,"{13: 0, 12: 0, 11: 0, 10: 0, 8: 0, 6: 0, 7: 0, 14: 0, 15: 0, 17: 0, 20: 0, 18: 0, 16: 0, 19: 0, 9: 9}"
234.61100006103516,1.3637274,-1.7065743,-1.7631,"{13: 0, 12: 0, 11: 0, 10: 0, 8: 0, 6: 0, 7: 0, 14: 0, 15: 0, 17: 0, 20: 0, 18: 0, 16: 0, 19: 0, 9: 8}"
235.11100006103516,1.3618698,-1.7150484,-1.6948,"{13: 0, 12: 0, 11: 0, 10: 0, 8: 0, 6: 0, 7: 0, 14: 0, 15: 0, 17: 0, 20: 0, 18: 0, 16: 0, 19: 0, 9: 8}"
235.61100006103516,1.3590001,-1.7400554,-1.5715,"{13: 0, 12: 0, 11: 0, 10: 0, 8: 0, 6: 0, 7: 0, 14: 0, 15: 0, 17: 0, 20: 0, 18: 0, 16: 0, 19: 0, 9: 8}"
236.11100006103516,1.3598264,-1.7668074,-1.4626,"{13: 0, 12: 0, 11: 0, 10: 0, 8: 1, 6: 0, 7: 0, 14: 0, 15: 0, 17: 0, 20: 0, 18: 0, 16: 0, 19: 0, 9: 8}"
236.61100006103516,1.3632741,-1.7917982,-1.3522,"{13: 0, 12: 0, 11: 0, 10: 0, 8: 2, 6: 0, 7: 0, 14: 0, 15: 0, 17: 0, 20: 0, 18: 0, 16: 0, 19: 0, 9: 7}"
237.11100006103516,1.3683102,-1.8138438,-1.2268,"{13: 0, 12: 0, 11: 0, 10: 0, 8: 4, 6: 0, 7: 1, 14: 0, 15: 0, 17: 0, 20: 0, 18: 0, 16: 0, 19: 0, 9: 5}"
237.61100006103516,1.3754877,-1.8350793,-1.0936,"{13: 0, 12: 0, 11: 0, 10: 0, 8: 6, 6: 0, 7: 1, 14: 0, 15: 0, 17: 0, 20: 0, 18: 0, 16: 0, 19: 0, 9: 3}"
238.11100006103516,1.3862079,-1.852444,-0.959,"{13: 0, 12: 0, 11: 0, 10: 0, 8: 7, 6: 0, 7: 1, 14: 0, 15: 0, 17: 0, 20: 0, 18: 0, 16: 0, 19: 0, 9: 1}"
238.61100006103516,1.3970822,-1.8683667,-0.8125,"{13: 0, 12: 0, 11: 0, 10: 0, 8: 8, 6: 0, 7: 2, 14: 0, 15: 0, 17: 0, 20: 0, 18: 0, 16: 0, 19: 0, 9: 0}"
239.11100006103516,1.4052588,-1.8775641,-0.6941,"{13: 0, 12: 0, 11: 0, 10: 0, 8: 8, 6: 0, 7: 2, 14: 0, 15: 0, 17: 0, 20: 0, 18: 0, 16: 0, 19: 0, 9: 0}"
239.61100006103516,1.4120239,-1.8855353,-0.579,"{13: 0, 12: 0, 11: 0, 10: 0, 8: 9, 6: 0, 7: 2, 14: 0, 15: 0, 17: 0, 20: 0, 18: 0, 16: 0, 19: 0, 9: 0}"
240.11100006103516,1.4141222,-1.8867817,-0.5393,"{13: 0, 12: 0, 11: 0, 10: 0, 8: 9, 6: 0, 7: 2, 14: 0, 15: 0, 17: 0, 20: 0, 18: 0, 16: 0, 19: 0, 9: 0}"
240.61100006103516,1.4145765,-1.8884897,-0.5158,"{13: 0, 12: 0, 11: 0, 10: 0, 8: 9, 6: 0, 7: 1, 14: 0, 15: 0, 17: 0, 20: 0, 18: 0, 16: 0, 19: 0, 9: 0}"
241.11100006103516,1.415094,-1.8898499,-0.4278,"{13: 0, 12: 0, 11: 0, 10: 0, 8: 9, 6: 0, 7: 0, 14: 0, 15: 0, 17: 0, 20: 0, 18: 0, 16: 0, 19: 0, 9: 0}"
241.61100006103516,1.4151144,-1.8904644,-0.3393,"{13: 0, 12: 0, 11: 0, 10: 0, 8: 7, 6: 0, 7: 0, 14: 0, 15: 0, 17: 0, 20: 0, 18: 0, 16: 0, 19: 0, 9: 0}"
242.11100006103516,1.41906,-1.8922878,-0.2359,"{13: 0, 12: 0, 11: 0, 10: 0, 8: 5, 6: 0, 7: 0, 14: 0, 15: 0, 17: 0, 20: 0, 18: 0, 16: 0, 19: 0, 9: 0}"
242.61100006103516,1.4262457,-1.8956976,-0.116,"{13: 0, 12: 0, 11: 0, 10: 0, 8: 3, 6: 0, 7: 0, 14: 0, 15: 0, 17: 0, 20: 0, 18: 0, 16: 0, 19: 0, 9: 0}"
243.11100006103516,1.433887,-1.8969459,0.0215,"{13: 0, 12: 0, 11: 0, 10: 0, 8: 1, 6: 0, 7: 0, 14: 0, 15: 0, 17: 0, 20: 0, 18: 0, 16: 0, 19: 0, 9: 0}"
243.61100006103516,1.4384214,-1.8942699,0.1312,"{13: 0, 12: 0, 11: 0, 10: 0, 8: 0, 6: 0, 7: 0, 14: 0, 15: 0, 17: 0, 20: 0, 18: 0, 16: 0, 19: 0, 9: 0}"
244.11100006103516,1.444939,-1.8928259,0.2523,"{13: 0, 12: 0, 11: 0, 10: 0, 8: 0, 6: 0, 7: 0, 14: 0, 15: 0, 17: 0, 20: 0, 18: 0, 16: 0, 19: 0, 9: 0}"
244.61100006103516,1.4546195,-1.8884999,0.3342,"{13: 0, 12: 0, 11: 0, 10: 0, 8: 0, 6: 0, 7: 0, 14: 0, 15: 1, 17: 0, 20: 0, 18: 0, 16: 0, 19: 0, 9: 0}"
245.11100006103516,1.4574141,-1.886672,0.3609,"{13: 0, 12: 0, 11: 0, 10: 0, 8: 0, 6: 0, 7: 0, 14: 0, 15: 2, 17: 0, 20: 0, 18: 0, 16: 0, 19: 0, 9: 0}"
245.61100006103516,1.4687135,-1.8812101,0.4724,"{13: 0, 12: 0, 11: 0, 10: 0, 8: 0, 6: 0, 7: 0, 14: 0, 15: 4, 17: 0, 20: 0, 18: 0, 16: 0, 19: 0, 9: 0}"
246.11100006103516,1.4741008,-1.8758226,0.5302,"{13: 0, 12: 0, 11: 0, 10: 0, 8: 0, 6: 0, 7: 0, 14: 2, 15: 5, 17: 0, 20: 0, 18: 0, 16: 0, 19: 0, 9: 0}"
246.61100006103516,1.4808427,-1.8704798,0.5924,"{13: 0, 12: 0, 11: 0, 10: 0, 8: 0, 6: 0, 7: 0, 14: 4, 15: 6, 17: 0, 20: 0, 18: 0, 16: 0, 19: 0, 9: 0}"
247.11100006103516,1.4914149,-1.8620134,0.6897,"{13: 0, 12: 1, 11: 0, 10: 0, 8: 0, 6: 0, 7: 0, 14: 6, 15: 5, 17: 0, 20: 0, 18: 0, 16: 0, 19: 0, 9: 0}"
247.61100006103516,1.4979532,-1.8547664,0.7604,"{13: 0, 12: 2, 11: 0, 10: 0, 8: 0, 6: 0, 7: 0, 14: 8, 15: 3, 17: 0, 20: 0, 18: 0, 16: 0, 19: 0, 9: 0}"
248.11100006103516,1.5051812,-1.8459458,0.8092,"{13: 0, 12: 2, 11: 0, 10: 0, 8: 0, 6: 0, 7: 0, 14: 7, 15: 3, 17: 0, 20: 0, 18: 0, 16: 0, 19: 0, 9: 0}"
248.61100006103516,1.5140819,-1.8333625,0.8025,"{13: 0, 12: 2, 11: 0, 10: 0, 8: 0, 6: 0, 7: 0, 14: 5, 15: 1, 17: 0, 20: 0, 18: 0, 16: 0, 19: 0, 9: 0}"
249.11100006103516,1.5226588,-1.8207719,0.7982,"{13: 0, 12: 3, 11: 0, 10: 0, 8: 0, 6: 0, 7: 0, 14: 4, 15: 1, 17: 0, 20: 0, 18: 0, 16: 0, 19: 0, 9: 0}"
249.61100006103516,1.5353936,-1.8047159,0.8156,"{13: 0, 12: 3, 11: 0, 10: 0, 8: 0, 6: 0, 7: 0, 14: 2, 15: 1, 17: 0, 20: 0, 18: 0, 16: 0, 19: 0, 9: 0}"
250.11100006103516,1.5424821,-1.7943134,0.7998,"{13: 0, 12: 3, 11: 0, 10: 0, 8: 0, 6: 0, 7: 0, 14: 3, 15: 0, 17: 0, 20: 1, 18: 0, 16: 0, 19: 0, 9: 0}"
250.61100006103516,1.554069,-1.7805889,0.804,"{13: 0, 12: 3, 11: 0, 10: 0, 8: 0, 6: 0, 7: 0, 14: 5, 15: 0, 17: 0, 20: 3, 18: 0, 16: 0, 19: 0, 9: 0}"
251.11100006103516,1.5659572,-1.7665522,0.8027,"{13: 0, 12: 1, 11: 0, 10: 0, 8: 0, 6: 0, 7: 0, 14: 7, 15: 0, 17: 0, 20: 4, 18: 0, 16: 0, 19: 0, 9: 0}"
251.61100006103516,1.5729012,-1.7579179,0.7959,"{13: 0, 12: 0, 11: 0, 10: 0, 8: 0, 6: 0, 7: 0, 14: 8, 15: 0, 17: 0, 20: 6, 18: 0, 16: 0, 19: 0, 9: 0}"
252.11100006103516,1.5844948,-1.7460704,0.805,"{13: 0, 12: 0, 11: 0, 10: 0, 8: 0, 6: 0, 7: 0, 14: 7, 15: 1, 17: 0, 20: 7, 18: 0, 16: 0, 19: 0, 9: 0}"
252.61100006103516,1.5931961,-1.7369445,0.8072,"{13: 0, 12: 0, 11: 0, 10: 0, 8: 0, 6: 0, 7: 0, 14: 7, 15: 1, 17: 0, 20: 7, 18: 0, 16: 0, 19: 0, 9: 0}"
253.11100006103516,1.60097,-1.7286532,0.7995,"{13: 0, 12: 0, 11: 0, 10: 0, 8: 0, 6: 0, 7: 0, 14: 5, 15: 1, 17: 0, 20: 7, 18: 0, 16: 0, 19: 0, 9: 0}"
253.61100006103516,1.6136015,-1.7150218,0.7204,"{13: 0, 12: 0, 11: 0, 10: 0, 8: 0, 6: 0, 7: 0, 14: 5, 15: 3, 17: 0, 20: 7, 18: 0, 16: 0, 19: 0, 9: 0}"
254.11100006103516,1.6232257,-1.7061717,0.7138,"{13: 0, 12: 0, 11: 0, 10: 0, 8: 0, 6: 0, 7: 0, 14: 6, 15: 4, 17: 0, 20: 7, 18: 0, 16: 0, 19: 0, 9: 0}"
254.61100006103516,1.6369757,-1.6941429,0.6374,"{13: 0, 12: 0, 11: 0, 10: 0, 8: 0, 6: 0, 7: 0, 14: 6, 15: 6, 17: 0, 20: 5, 18: 0, 16: 0, 19: 0, 9: 0}"
255.11100006103516,1.6491701,-1.684283,0.575,"{13: 0, 12: 0, 11: 0, 10: 0, 8: 0, 6: 0, 7: 0, 14: 7, 15: 8, 17: 0, 20: 6, 18: 0, 16: 0, 19: 0, 9: 0}"
255.61100006103516,1.6617415,-1.6756817,0.5475,"{13: 0, 12: 0, 11: 0, 10: 0, 8: 0, 6: 0, 7: 0, 14: 8, 15: 7, 17: 0, 20: 4, 18: 0, 16: 0, 19: 0, 9: 0}"
256.11100006103516,1.672239,-1.6693029,0.5292,"{13: 0, 12: 0, 11: 0, 10: 0, 8: 0, 6: 0, 7: 0, 14: 8, 15: 7, 17: 0, 20: 2, 18: 0, 16: 0, 19: 0, 9: 0}"
256.61100006103516,1.6874392,-1.6612127,0.4682,"{13: 0, 12: 0, 11: 0, 10: 0, 8: 0, 6: 0, 7: 0, 14: 6, 15: 6, 17: 0, 20: 2, 18: 0, 16: 0, 19: 0, 9: 0}"
257.11100006103516,1.7044277,-1.6529196,0.4168,"{13: 0, 12: 0, 11: 0, 10: 0, 8: 0, 6: 0, 7: 0, 14: 4, 15: 6, 17: 0, 20: 0, 18: 0, 16: 0, 19: 0, 9: 0}"
257.61100006103516,1.7327746,-1.641544,0.3281,"{13: 0, 12: 0, 11: 0, 10: 0, 8: 0, 6: 0, 7: 0, 14: 2, 15: 7, 17: 0, 20: 0, 18: 0, 16: 0, 19: 0, 9: 0}"
258.11100006103516,1.7650746,-1.6296755,0.2788,"{13: 0, 12: 0, 11: 0, 10: 0, 8: 0, 6: 0, 7: 0, 14: 0, 15: 6, 17: 0, 20: 0, 18: 0, 16: 0, 19: 0, 9: 0}"
258.61100006103516,1.7985888,-1.6202233,0.2663,"{13: 0, 12: 0, 11: 0, 10: 0, 8: 0, 6: 0, 7: 0, 14: 0, 15: 7, 17: 0, 20: 0, 18: 0, 16: 0, 19: 0, 9: 0}"
259.11100006103516,1.8340579,-1.6097752,0.2583,"{13: 0, 12: 0, 11: 0, 10: 0, 8: 0, 6: 0, 7: 0, 14: 0, 15: 7, 17: 0, 20: 0, 18: 0, 16: 0, 19: 0, 9: 0}"
259.61100006103516,1.86773,-1.6008511,0.2567,"{13: 0, 12: 0, 11: 0, 10: 0, 8: 0, 6: 0, 7: 0, 14: 0, 15: 7, 17: 0, 20: 0, 18: 0, 16: 0, 19: 0, 9: 0}"
260.11100006103516,1.9040748,-1.5918596,0.2526,"{13: 0, 12: 0, 11: 0, 10: 0, 8: 0, 6: 0, 7: 0, 14: 0, 15: 9, 17: 0, 20: 0, 18: 0, 16: 0, 19: 0, 9: 0}"
260.61100006103516,1.9383629,-1.5831592,0.2597,"{13: 0, 12: 0, 11: 0, 10: 0, 8: 0, 6: 0, 7: 0, 14: 0, 15: 9, 17: 0, 20: 0, 18: 0, 16: 0, 19: 0, 9: 0}"
261.11100006103516,1.9733205,-1.5723021,0.2546,"{13: 0, 12: 0, 11: 0, 10: 0, 8: 0, 6: 0, 7: 0, 14: 0, 15: 9, 17: 0, 20: 0, 18: 0, 16: 0, 19: 0, 9: 0}"
261.61100006103516,2.00802,-1.5625883,0.2494,"{13: 0, 12: 0, 11: 0, 10: 0, 8: 0, 6: 0, 7: 0, 14: 0, 15: 9, 17: 0, 20: 0, 18: 0, 16: 0, 19: 0, 9: 0}"
262.11100006103516,2.0414872,-1.5539496,0.2437,"{13: 0, 12: 0, 11: 0, 10: 0, 8: 0, 6: 0, 7: 0, 14: 0, 15: 8, 17: 0, 20: 0, 18: 0, 16: 0, 19: 0, 9: 0}"
262.61100006103516,2.0762927,-1.545985,0.2526,"{13: 0, 12: 0, 11: 1, 10: 0, 8: 0, 6: 0, 7: 0, 14: 0, 15: 7, 17: 0, 20: 0, 18: 0, 16: 0, 19: 0, 9: 0}"
263.11100006103516,2.1113293,-1.5374722,0.2582,"{13: 0, 12: 0, 11: 2, 10: 0, 8: 0, 6: 0, 7: 0, 14: 0, 15: 7, 17: 0, 20: 0, 18: 0, 16: 0, 19: 0, 9: 0}"
263.61100006103516,2.1462116,-1.5279205,0.2463,"{13: 0, 12: 0, 11: 3, 10: 0, 8: 0, 6: 0, 7: 0, 14: 0, 15: 6, 17: 0, 20: 0, 18: 0, 16: 0, 19: 0, 9: 0}"
264.11100006103516,2.1813391,-1.517829,0.2542,"{13: 0, 12: 0, 11: 5, 10: 0, 8: 0, 6: 0, 7: 0, 14: 0, 15: 5, 17: 0, 20: 0, 18: 0, 16: 0, 19: 0, 9: 0}"
264.61100006103516,2.2160075,-1.5073888,0.2438,"{13: 0, 12: 0, 11: 5, 10: 0, 8: 0, 6: 0, 7: 0, 14: 0, 15: 6, 17: 0, 20: 0, 18: 0, 16: 0, 19: 0, 9: 0}"
265.11100006103516,2.2415045,-1.5014831,0.1907,"{13: 0, 12: 0, 11: 5, 10: 0, 8: 0, 6: 0, 7: 0, 14: 0, 15: 5, 17: 0, 20: 0, 18: 0, 16: 0, 19: 0, 9: 0}"
265.61100006103516,2.2454886,-1.500058,-0.0704,"{13: 0, 12: 0, 11: 6, 10: 0, 8: 0, 6: 0, 7: 0, 14: 0, 15: 4, 17: 0, 20: 0, 18: 0, 16: 0, 19: 0, 9: 0}"
266.11100006103516,2.2426179,-1.4979231,-0.303,"{13: 0, 12: 0, 11: 6, 10: 0, 8: 0, 6: 0, 7: 0, 14: 0, 15: 3, 17: 0, 20: 0, 18: 0, 16: 0, 19: 0, 9: 0}"
266.61100006103516,2.2421213,-1.4955904,-0.4555,"{13: 0, 12: 0, 11: 8, 10: 0, 8: 0, 6: 0, 7: 0, 14: 0, 15: 1, 17: 0, 20: 0, 18: 0, 16: 0, 19: 0, 9: 0}"
267.11100006103516,2.2405949,-1.4941027,-0.5981,"{13: 0, 12: 0, 11: 9, 10: 0, 8: 0, 6: 0, 7: 0, 14: 0, 15: 0, 17: 0, 20: 0, 18: 0, 16: 0, 19: 0, 9: 0}"
267.61100006103516,2.2403109,-1.4927531,-0.7209,"{13: 0, 12: 0, 11: 9, 10: 0, 8: 0, 6: 0, 7: 0, 14: 0, 15: 0, 17: 0, 20: 0, 18: 0, 16: 0, 19: 0, 9: 0}"
268.11100006103516,2.2390694,-1.4906735,-0.8309,"{13: 0, 12: 0, 11: 9, 10: 0, 8: 0, 6: 0, 7: 0, 14: 0, 15: 0, 17: 0, 20: 0, 18: 0, 16: 0, 19: 0, 9: 0}"
268.61100006103516,2.2385039,-1.4880803,-0.9569,"{13: 0, 12: 0, 11: 7, 10: 0, 8: 1, 6: 0, 7: 0, 14: 0, 15: 0, 17: 0, 20: 0, 18: 0, 16: 0, 19: 0, 9: 0}"
269.11100006103516,2.2392983,-1.4908621,-0.9476,"{13: 0, 12: 0, 11: 5, 10: 0, 8: 1, 6: 0, 7: 2, 14: 0, 15: 0, 17: 0, 20: 0, 18: 0, 16: 0, 19: 0, 9: 0}"
269.61100006103516,2.238733,-1.4891565,-0.9755,"{13: 0, 12: 0, 11: 3, 10: 0, 8: 1, 6: 0, 7: 4, 14: 0, 15: 0, 17: 0, 20: 0, 18: 0, 16: 0, 19: 0, 9: 0}"
270.11100006103516,2.237831,-1.4865941,-1.0866,"{13: 0, 12: 0, 11: 1, 10: 0, 8: 1, 6: 0, 7: 6, 14: 0, 15: 0, 17: 0, 20: 0, 18: 0, 16: 0, 19: 0, 9: 0}"
270.61100006103516,2.2371838,-1.4837229,-1.1939,"{13: 0, 12: 0, 11: 0, 10: 0, 8: 0, 6: 0, 7: 9, 14: 0, 15: 0, 17: 0, 20: 0, 18: 0, 16: 0, 19: 0, 9: 0}"
271.11100006103516,2.2374955,-1.4834127,-1.2075,"{13: 0, 12: 0, 11: 0, 10: 0, 8: 0, 6: 0, 7: 9, 14: 0, 15: 0, 17: 0, 20: 0, 18: 0, 16: 0, 19: 0, 9: 0}"
271.61100006103516,2.2368458,-1.4815298,-1.2557,"{13: 0, 12: 0, 11: 0, 10: 0, 8: 1, 6: 0, 7: 9, 14: 0, 15: 0, 17: 0, 20: 0, 18: 0, 16: 0, 19: 0, 9: 0}"
272.11100006103516,2.2365015,-1.4804341,-1.3356,"{13: 0, 12: 0, 11: 0, 10: 0, 8: 2, 6: 0, 7: 9, 14: 0, 15: 0, 17: 0, 20: 0, 18: 0, 16: 0, 19: 0, 9: 0}"
272.61100006103516,2.2386249,-1.4890657,-1.3067,"{13: 0, 12: 0, 11: 0, 10: 0, 8: 2, 6: 0, 7: 8, 14: 0, 15: 0, 17: 0, 20: 0, 18: 0, 16: 0, 19: 0, 9: 0}"
273.11100006103516,2.2421673,-1.5014621,-1.2269,"{13: 0, 12: 0, 11: 0, 10: 0, 8: 2, 6: 0, 7: 8, 14: 0, 15: 0, 17: 0, 20: 0, 18: 0, 16: 0, 19: 0, 9: 0}"
273.61100006103516,2.2488675,-1.520723,-1.2036,"{13: 0, 12: 0, 11: 0, 10: 0, 8: 3, 6: 0, 7: 8, 14: 0, 15: 0, 17: 0, 20: 0, 18: 0, 16: 0, 19: 0, 9: 0}"
274.11100006103516,2.2555791,-1.5382263,-1.2014,"{13: 0, 12: 0, 11: 0, 10: 0, 8: 3, 6: 0, 7: 8, 14: 0, 15: 0, 17: 0, 20: 0, 18: 0, 16: 0, 19: 0, 9: 0}"
274.61100006103516,2.2625324,-1.5553158,-1.2048,"{13: 0, 12: 0, 11: 0, 10: 0, 8: 3, 6: 0, 7: 8, 14: 0, 15: 0, 17: 0, 20: 0, 18: 0, 16: 0, 19: 0, 9: 0}"
275.11100006103516,2.269053,-1.5727018,-1.2059,"{13: 0, 12: 0, 11: 0, 10: 0, 8: 3, 6: 0, 7: 8, 14: 0, 15: 0, 17: 0, 20: 0, 18: 0, 16: 0, 19: 0, 9: 0}"
275.61100006103516,2.2788395,-1.5966066,-1.2109,"{13: 0, 12: 0, 11: 0, 10: 0, 8: 2, 6: 0, 7: 7, 14: 0, 15: 0, 17: 0, 20: 0, 18: 0, 16: 0, 19: 0, 9: 0}"
276.11100006103516,2.287228,-1.6192237,-1.2043,"{13: 0, 12: 0, 11: 0, 10: 0, 8: 2, 6: 0, 7: 6, 14: 0, 15: 0, 17: 0, 20: 0, 18: 0, 16: 0, 19: 0, 9: 0}"
276.61100006103516,2.2948414,-1.6389816,-1.2067,"{13: 0, 12: 0, 11: 0, 10: 0, 8: 3, 6: 0, 7: 6, 14: 0, 15: 0, 17: 0, 20: 0, 18: 0, 16: 0, 19: 0, 9: 0}"
277.11100006103516,2.3020465,-1.6584735,-1.2075,"{13: 0, 12: 0, 11: 0, 10: 0, 8: 3, 6: 0, 7: 6, 14: 0, 15: 0, 17: 0, 20: 0, 18: 0, 16: 0, 19: 0, 9: 0}"
